experiment,run,event
8,133,3838612
18,1532,3688136
12,3471,26687473
16,668,13546371
16,668,9746649
18,852,6164664
18,2260,13624882
22,372,3868258
24,2257,7858044
26,283,7940729
26,353,32495171
18,1848,80948234
24,1257,5524204
14,1780,1762003
18,2806,16225747
26,1828,6554193
22,615,9015823
17,112,42260874
24,1721,11991944
12,5158,26585945
12,2750,36586042
18,1242,4458242
22,139,17940292
12,6424,8017764
18,1848,114315630
16,974,1357352
18,1160,14197012
24,1590,1845497
18,1045,6276572
22,415,9285083
24,2107,7633937
24,858,40671734
24,858,20080953
26,1894,41401411
26,1894,38709968
18,2266,27975715
16,957,60799416
22,56,1683499
16,1066,6634493
24,2042,728658
18,2925,28027585
14,1543,51488768
26,1082,1920041
17,286,76499102
24,1397,2550104
22,446,23431947
18,1215,52165198
18,780,16544270
14,1832,48495402
14,1832,94178217
14,1993,19619568
18,1988,103340725
18,907,20438198
26,989,1788298
24,1272,6096377
18,2634,7624372
24,872,6664525
24,2062,5136181
12,2750,18326086
22,415,7722066
22,383,16097556
12,5349,3723538
12,5349,560338
12,3395,6148541
22,592,18921945
24,1807,33530727
24,876,7388885
16,612,15534996
22,119,13504730
12,3748,27987436
12,5895,1501996
26,1455,4036881
24,1646,15823886
20,633,613405
22,551,27023996
18,2735,27850252
22,39,4587585
12,5158,33990255
12,5424,4117937
26,1768,990835
22,371,18030621
12,1580,4587042
12,3294,23251181
12,2784,859314
24,1548,853299
26,518,361355
26,1518,56943142
18,2922,153462940
22,547,7972522
10,5697,3875221
26,1882,5197778
22,138,5814916
18,181,66018136
22,373,26041987
22,449,54738102
18,1476,6648538
24,2145,13655202
24,1445,4978729
12,3334,1427994
12,6419,78682927
12,3370,8227177
26,1893,14839085
24,1154,8512715
10,5689,7284010
24,1596,18170400
14,1968,21672693
24,2061,33544729
24,809,9881473
24,809,10052163
26,1353,474139
26,568,15139766
26,181,3368102
26,181,11880567
22,139,52404570
18,102,8633046
26,1372,21890962
18,1047,7963822
22,447,5732796
24,814,16353208
18,1323,61516055
18,1323,30745875
26,743,7869193
18,883,72885973
14,786,4852141
18,970,37144756
24,1184,27119928
24,1184,68658331
12,4451,9145962
24,1679,2652705
24,2019,6463950
26,529,25591516
18,1814,7185124
22,518,1714152
24,2083,6016668
17,348,37378952
16,1002,63746135
26,1780,21966138
12,6312,21654898
24,1841,16988847
24,867,22418897
22,438,850898
17,266,4913708
26,1247,5177492
18,1454,7387812
22,721,15522068
16,1012,130061053
17,348,71794419
12,4777,13466225
24,2081,57290639
22,364,15113866
22,159,54643666
24,919,17742353
24,1184,57215125
24,829,5510289
24,878,10184377
18,1051,450496
18,2849,15939013
18,2849,20563379
12,2446,281103
12,3293,26948772
12,2276,4246421
26,1709,15078583
22,381,13763078
12,3309,10641641
24,2148,11038878
18,2731,42977302
24,1605,32408210
24,1818,28492442
14,1575,7344496
12,6373,1998680
12,2422,4797029
24,1261,5239091
24,1336,9586491
24,858,29655572
24,858,35114452
22,461,17141200
22,461,11399143
26,165,12040782
24,2176,27179798
18,2362,16354978
12,4319,32959079
18,846,1697201
24,1225,5003237
18,72,18459070
16,691,74845808
26,185,188634
18,1034,9863132
24,1663,3396725
17,278,1958270
18,1503,31829360
26,898,38373694
12,2555,9018507
12,2555,7807141
24,1332,11710689
12,3176,838128
12,2720,16651941
12,4927,21030058
26,193,14844248
12,2503,537355
24,821,8171203
24,837,6627264
24,990,21724219
14,2000,39313958
14,941,8445659
24,1223,10820914
12,6168,27230262
24,1571,37401271
26,744,17204748
12,2586,4541557
12,2720,15529873
24,1892,20339628
24,2187,14863142
26,919,25861733
22,458,2246583
14,899,1015730
20,641,6596334
20,746,1469881
18,1841,17495025
24,1571,59232471
24,2275,8146186
18,405,2925198
22,180,6698893
18,1917,10080779
24,2061,24615204
24,1859,28532721
24,2060,11904476
24,2060,28034603
12,6030,4814241
12,5146,102088393
18,1062,27074934
12,5928,32170735
18,267,32022914
18,120,21329971
16,595,15743023
14,1745,63132810
24,1203,2685904
12,2755,13063723
22,429,14765599
24,2261,15612735
18,2711,10284760
24,1299,13722600
17,285,78467484
12,3360,3119722
18,2933,104045871
12,6175,17129684
16,660,3841904
24,848,5627461
22,45,16477370
10,4809,3538726
18,913,22653494
14,1738,31642631
18,933,19711073
12,4754,323252
12,5469,16017014
12,4308,18063906
12,2505,3644239
22,174,2494603
16,749,5111173
24,1266,15192039
24,1408,1009245
12,4819,18167451
12,3331,20825909
22,173,15509029
24,1292,19118351
14,1691,1466158
24,947,5726806
22,44,27583264
22,571,5078006
22,690,3132678
24,1643,3428275
18,897,19806130
18,2300,72965875
22,485,21419249
22,485,41997304
22,159,54451490
18,1314,70122693
18,2972,83866553
26,1190,18366707
18,1715,1681645
24,1792,11328389
22,239,6830283
12,2474,4553278
12,3391,35158975
12,3212,3140510
18,1848,65421898
8,1335,1283863
18,1685,8116547
26,322,3247225
20,656,5455168
20,637,26722780
20,649,5507457
24,1196,9325394
12,1442,29307
24,1184,60613869
18,886,24951841
18,1455,27926919
18,959,9135280
18,1436,3662053
22,396,77966751
12,4381,19674823
26,295,17155405
24,2069,1802516
14,1163,30078910
24,821,10214159
22,553,13587178
26,1493,1421211
12,3384,6027058
24,1261,4184150
18,2395,56679618
12,6425,17592865
24,2280,12211874
26,658,521223
24,855,3638137
26,173,1663044
26,459,17806149
14,924,32569365
26,1405,4050609
12,3199,14901203
22,396,77570197
24,1890,22345331
12,5412,7311466
26,1249,14656974
24,1901,29834461
18,838,19828532
24,1628,3615312
18,955,38488362
12,6226,7000352
26,1750,23729900
12,3460,5805439
24,1810,2171864
24,1289,15810762
24,1289,16918705
16,724,62030965
18,1358,7672332
24,2183,56892318
18,1356,36613470
16,705,11749675
24,1854,7375415
24,1854,6314438
22,566,33627914
18,139,35192828
14,943,5730243
12,3388,7909199
12,6174,13256531
12,6174,5209473
18,1677,13477470
18,1677,23170497
18,1779,50835423
20,654,9407571
24,1559,1225644
14,1960,21343538
24,2092,556614
24,2097,12984486
24,1794,16567119
26,1023,9790371
14,1833,4701753
22,407,5973257
22,387,4176279
12,4305,15644480
24,1184,22257837
12,3265,12229821
18,2911,2652401
18,2709,43012959
22,404,12202973
26,1789,1438420
18,2668,17364823
22,403,13551698
24,1818,25683596
22,571,3619359
26,1810,7952847
18,310,14129411
24,873,18682384
18,2380,6250289
18,1988,92533632
18,2342,18598120
24,1822,295803
24,873,9460850
18,970,40941947
26,1121,17962509
22,391,258176
12,4319,1178760
26,1497,51947880
16,713,46474824
14,922,26367088
18,228,3359951
22,568,30651195
12,2891,17915271
12,2891,5411045
18,2396,16562414
18,2396,325374
18,1840,11351756
18,221,15205720
24,1241,1925517
12,4304,4880836
17,341,33151711
18,2698,6912928
12,3394,6076182
16,633,18028624
22,525,11824586
24,883,23112069
18,2259,23013484
26,552,649998
24,1587,4243063
26,1235,6397248
24,941,1829427
24,805,1930157
26,375,9313183
26,682,1743668
26,1438,71788626
12,2588,9905719
24,2084,12491035
18,2817,11286687
18,888,2511039
24,916,5804169
24,2180,9864352
24,1738,16076695
18,330,47550239
18,2716,2241675
18,883,16807783
24,1670,550786
24,1726,37931691
12,3412,54681286
24,2222,6865075
17,171,85757879
18,1393,176906
18,2293,19832022
12,5390,35145562
18,2820,14443066
26,1543,2480227
18,2687,7708251
18,853,5384428
18,1260,4716598
18,1260,3760398
18,2910,29405749
22,44,36313086
24,1834,5132417
22,171,181743
17,287,8729194
26,937,4449724
26,1190,6761619
18,739,21281126
24,1562,27751691
24,2151,22931303
24,997,15331264
18,364,25647535
12,6163,4050642
12,5064,16995077
12,5064,7298605
18,2775,38853802
14,757,34126739
24,2143,8516995
24,2143,5054261
26,1895,33000236
18,893,16184949
24,1407,15828277
18,1702,36349518
24,1866,14295875
18,1335,45950826
12,5438,74273
24,1794,12208338
12,4883,9751406
26,999,23358541
26,73,1538293
24,1626,10440852
24,1626,12479782
14,1237,3168505
12,4810,2741136
24,1559,9287788
24,888,626769
18,2801,27286563
12,3213,1336381
12,3204,26875360
16,1042,24481720
16,1055,61171540
26,1699,6556799
22,150,11122538
18,902,12545790
24,1459,3986109
18,967,43070921
26,782,713630
26,738,28068125
