0.000000,88.116152,179769313486231570814527423731704356798070567525844996598917476803157260780028538760589558632766878171540458953514382464234321326889464182768467546703537516986049910576551282076245490090389328944075868508455133942304583236903222948165808559332123348274797826204144723168738177180919299881250404026184124858368.000000,0.000000,0.000000,0.000000
-0.400000,88.116152,179769313486231570814527423731704356798070567525844996598917476803157260780028538760589558632766878171540458953514382464234321326889464182768467546703537516986049910576551282076245490090389328944075868508455133942304583236903222948165808559332123348274797826204144723168738177180919299881250404026184124858368.000000,0.000000,0.000000,0.000000
0.400000,88.116152,179769313486231570814527423731704356798070567525844996598917476803157260780028538760589558632766878171540458953514382464234321326889464182768467546703537516986049910576551282076245490090389328944075868508455133942304583236903222948165808559332123348274797826204144723168738177180919299881250404026184124858368.000000,0.000000,0.000000,0.000000
-0.800000,88.116152,179769313486231570814527423731704356798070567525844996598917476803157260780028538760589558632766878171540458953514382464234321326889464182768467546703537516986049910576551282076245490090389328944075868508455133942304583236903222948165808559332123348274797826204144723168738177180919299881250404026184124858368.000000,0.000000,0.000000,0.000000
0.800000,88.116152,179769313486231570814527423731704356798070567525844996598917476803157260780028538760589558632766878171540458953514382464234321326889464182768467546703537516986049910576551282076245490090389328944075868508455133942304583236903222948165808559332123348274797826204144723168738177180919299881250404026184124858368.000000,0.000000,0.000000,0.000000
-10.000000,88.116152,179769313486231570814527423731704356798070567525844996598917476803157260780028538760589558632766878171540458953514382464234321326889464182768467546703537516986049910576551282076245490090389328944075868508455133942304583236903222948165808559332123348274797826204144723168738177180919299881250404026184124858368.000000,0.000000,0.000000,0.000000
10.000000,88.116152,4.307577,-10.840027,-15.863450,30.479257
-10.400000,88.116152,179769313486231570814527423731704356798070567525844996598917476803157260780028538760589558632766878171540458953514382464234321326889464182768467546703537516986049910576551282076245490090389328944075868508455133942304583236903222948165808559332123348274797826204144723168738177180919299881250404026184124858368.000000,0.000000,0.000000,0.000000
10.400000,88.116152,179769313486231570814527423731704356798070567525844996598917476803157260780028538760589558632766878171540458953514382464234321326889464182768467546703537516986049910576551282076245490090389328944075868508455133942304583236903222948165808559332123348274797826204144723168738177180919299881250404026184124858368.000000,0.000000,0.000000,0.000000
-10.800000,88.116152,179769313486231570814527423731704356798070567525844996598917476803157260780028538760589558632766878171540458953514382464234321326889464182768467546703537516986049910576551282076245490090389328944075868508455133942304583236903222948165808559332123348274797826204144723168738177180919299881250404026184124858368.000000,0.000000,0.000000,0.000000
10.800000,88.116152,179769313486231570814527423731704356798070567525844996598917476803157260780028538760589558632766878171540458953514382464234321326889464182768467546703537516986049910576551282076245490090389328944075868508455133942304583236903222948165808559332123348274797826204144723168738177180919299881250404026184124858368.000000,0.000000,0.000000,0.000000
-11.200000,88.116152,179769313486231570814527423731704356798070567525844996598917476803157260780028538760589558632766878171540458953514382464234321326889464182768467546703537516986049910576551282076245490090389328944075868508455133942304583236903222948165808559332123348274797826204144723168738177180919299881250404026184124858368.000000,0.000000,0.000000,0.000000
11.200000,88.116152,179769313486231570814527423731704356798070567525844996598917476803157260780028538760589558632766878171540458953514382464234321326889464182768467546703537516986049910576551282076245490090389328944075868508455133942304583236903222948165808559332123348274797826204144723168738177180919299881250404026184124858368.000000,0.000000,0.000000,0.000000
-11.600000,88.116152,179769313486231570814527423731704356798070567525844996598917476803157260780028538760589558632766878171540458953514382464234321326889464182768467546703537516986049910576551282076245490090389328944075868508455133942304583236903222948165808559332123348274797826204144723168738177180919299881250404026184124858368.000000,0.000000,0.000000,0.000000
11.600000,88.116152,179769313486231570814527423731704356798070567525844996598917476803157260780028538760589558632766878171540458953514382464234321326889464182768467546703537516986049910576551282076245490090389328944075868508455133942304583236903222948165808559332123348274797826204144723168738177180919299881250404026184124858368.000000,0.000000,0.000000,0.000000
-12.000000,88.116152,179769313486231570814527423731704356798070567525844996598917476803157260780028538760589558632766878171540458953514382464234321326889464182768467546703537516986049910576551282076245490090389328944075868508455133942304583236903222948165808559332123348274797826204144723168738177180919299881250404026184124858368.000000,0.000000,0.000000,0.000000
12.000000,88.116152,179769313486231570814527423731704356798070567525844996598917476803157260780028538760589558632766878171540458953514382464234321326889464182768467546703537516986049910576551282076245490090389328944075868508455133942304583236903222948165808559332123348274797826204144723168738177180919299881250404026184124858368.000000,0.000000,0.000000,0.000000
-12.400000,88.116152,179769313486231570814527423731704356798070567525844996598917476803157260780028538760589558632766878171540458953514382464234321326889464182768467546703537516986049910576551282076245490090389328944075868508455133942304583236903222948165808559332123348274797826204144723168738177180919299881250404026184124858368.000000,0.000000,0.000000,0.000000
12.400000,88.116152,5.540925,-10.840027,-18.001398,36.082577
-12.800000,88.116152,0.003297,-10.429912,-9.112034,-15.520045
12.800000,88.116152,179769313486231570814527423731704356798070567525844996598917476803157260780028538760589558632766878171540458953514382464234321326889464182768467546703537516986049910576551282076245490090389328944075868508455133942304583236903222948165808559332123348274797826204144723168738177180919299881250404026184124858368.000000,0.000000,0.000000,0.000000
-1.200000,88.116152,0.578722,-9.961209,-16.988686,10.084097
1.200000,88.116152,179769313486231570814527423731704356798070567525844996598917476803157260780028538760589558632766878171540458953514382464234321326889464182768467546703537516986049910576551282076245490090389328944075868508455133942304583236903222948165808559332123348274797826204144723168738177180919299881250404026184124858368.000000,0.000000,0.000000,0.000000
-13.200000,88.116152,0.041332,-9.961209,-7.986798,-17.016415
13.200000,88.116152,179769313486231570814527423731704356798070567525844996598917476803157260780028538760589558632766878171540458953514382464234321326889464182768467546703537516986049910576551282076245490090389328944075868508455133942304583236903222948165808559332123348274797826204144723168738177180919299881250404026184124858368.000000,0.000000,0.000000,0.000000
-13.600000,88.116152,0.006218,-10.195560,-7.874274,-17.745401
13.600000,88.116152,179769313486231570814527423731704356798070567525844996598917476803157260780028538760589558632766878171540458953514382464234321326889464182768467546703537516986049910576551282076245490090389328944075868508455133942304583236903222948165808559332123348274797826204144723168738177180919299881250404026184124858368.000000,0.000000,0.000000,0.000000
-14.000000,88.116152,0.003684,-10.195560,-7.874274,-18.485891
14.000000,88.116152,179769313486231570814527423731704356798070567525844996598917476803157260780028538760589558632766878171540458953514382464234321326889464182768467546703537516986049910576551282076245490090389328944075868508455133942304583236903222948165808559332123348274797826204144723168738177180919299881250404026184124858368.000000,0.000000,0.000000,0.000000
-14.400000,88.116152,0.024278,-10.488500,-7.761751,-19.196733
14.400000,88.116152,1.806762,-10.840027,-19.576729,40.640044
-14.800000,88.116152,0.043331,-10.254148,-7.874274,-19.948727
14.800000,88.116152,0.000532,-10.019797,-14.175596,38.195032
-15.200000,88.116152,0.001109,-10.781439,-7.649227,-20.648065
15.200000,88.116152,1.639473,0.643192,1.465184,27.144200
-15.600000,88.116152,0.007525,-10.019797,-7.986798,-21.441211
15.600000,88.116152,1.089014,0.643192,1.352661,27.945763
-16.000000,88.116152,0.006740,-10.605675,-7.761751,-22.122405
16.000000,88.116152,1.807195,0.643192,1.352661,28.686253
-16.400000,88.116152,0.007627,-5.098417,-19.689252,-18.094747
16.400000,88.116152,1.892238,0.643192,1.240137,29.487816
-16.800000,88.116152,0.017991,-10.722851,-7.761751,-23.567097
16.800000,88.116152,1.977639,0.643192,1.240137,30.228306
-1.600000,88.116152,45.719808,-9.844033,-18.113922,9.918045
1.600000,88.116152,179769313486231570814527423731704356798070567525844996598917476803157260780028538760589558632766878171540458953514382464234321326889464182768467546703537516986049910576551282076245490090389328944075868508455133942304583236903222948165808559332123348274797826204144723168738177180919299881250404026184124858368.000000,0.000000,0.000000,0.000000
-17.200000,88.116152,0.004671,-5.274181,-19.351681,-19.704513
17.200000,88.116152,2.063485,0.643192,1.127613,31.029868
-17.600000,88.116152,0.000126,-9.844033,-8.549416,-24.892731
17.600000,88.116152,2.149862,0.643192,1.127613,31.770359
-18.000000,88.116152,0.009199,-5.332769,-19.351681,-21.167349
18.000000,88.116152,2.236493,0.584604,1.015090,32.590065
-18.400000,88.116152,0.016946,-10.136973,-8.099322,-26.527281
18.400000,88.116152,2.323546,0.584604,1.015090,33.330556
-18.800000,88.116152,0.016969,-9.902621,-8.211845,-27.279275
18.800000,88.116152,2.411191,0.584604,0.902566,34.132118
-19.200000,88.116152,0.012499,-10.312736,-8.099322,-27.953829
19.200000,88.116152,2.498872,0.584604,0.790043,34.933681
-19.600000,88.116152,0.016555,-10.722851,-7.986798,-28.628383
19.600000,88.116152,2.585765,0.584604,0.790043,35.674171
-20.000000,88.116152,0.002236,-9.492506,-8.436892,-29.505609
20.000000,88.116152,2.674867,0.584604,0.677519,36.475734
20.400000,88.116152,2.763178,0.526016,0.677519,37.234368
20.800000,88.116152,2.851572,0.526016,0.564995,38.035931
-2.000000,88.116152,179769313486231570814527423731704356798070567525844996598917476803157260780028538760589558632766878171540458953514382464234321326889464182768467546703537516986049910576551282076245490090389328944075868508455133942304583236903222948165808559332123348274797826204144723168738177180919299881250404026184124858368.000000,0.000000,0.000000,0.000000
2.000000,88.116152,179769313486231570814527423731704356798070567525844996598917476803157260780028538760589558632766878171540458953514382464234321326889464182768467546703537516986049910576551282076245490090389328944075868508455133942304583236903222948165808559332123348274797826204144723168738177180919299881250404026184124858368.000000,0.000000,0.000000,0.000000
21.200000,88.116152,2.940316,0.584604,0.564995,38.758277
21.600000,88.116152,3.028732,0.526016,0.452472,39.577984
22.000000,88.116152,3.117524,0.526016,0.339948,40.379546
22.400000,88.116152,3.206260,0.526016,0.339948,41.120037
22.800000,88.116152,3.295130,0.526016,0.227425,41.921599
23.200000,88.116152,3.383003,0.467428,0.227425,42.680234
23.600000,88.116152,3.472747,0.467428,0.114901,43.481796
24.000000,88.116152,3.561505,0.467428,0.114901,44.222286
24.400000,88.116152,3.650240,0.467428,0.002377,45.023849
24.800000,88.116152,3.738956,0.467428,0.002377,45.764339
-2.400000,88.116152,179769313486231570814527423731704356798070567525844996598917476803157260780028538760589558632766878171540458953514382464234321326889464182768467546703537516986049910576551282076245490090389328944075868508455133942304583236903222948165808559332123348274797826204144723168738177180919299881250404026184124858368.000000,0.000000,0.000000,0.000000
2.400000,88.116152,179769313486231570814527423731704356798070567525844996598917476803157260780028538760589558632766878171540458953514382464234321326889464182768467546703537516986049910576551282076245490090389328944075868508455133942304583236903222948165808559332123348274797826204144723168738177180919299881250404026184124858368.000000,0.000000,0.000000,0.000000
25.200000,88.116152,3.825894,0.467428,0.002377,46.504829
25.600000,88.116152,3.915099,0.467428,-0.110146,47.306392
26.000000,88.116152,4.003384,0.408840,-0.222670,48.126099
26.400000,88.116152,4.091610,0.408840,-0.222670,48.866589
26.800000,88.116152,4.179597,0.408840,-0.335193,49.668152
27.200000,88.116152,4.267521,0.408840,-0.447717,50.469715
27.600000,88.116152,4.355216,0.408840,-0.447717,51.210205
28.000000,88.116152,4.442897,0.350253,-0.560241,52.029912
28.400000,88.116152,4.529623,0.408840,-0.560241,52.752258
28.800000,88.116152,4.617236,0.350253,-0.672764,53.571964
-2.800000,88.116152,179769313486231570814527423731704356798070567525844996598917476803157260780028538760589558632766878171540458953514382464234321326889464182768467546703537516986049910576551282076245490090389328944075868508455133942304583236903222948165808559332123348274797826204144723168738177180919299881250404026184124858368.000000,0.000000,0.000000,0.000000
2.800000,88.116152,179769313486231570814527423731704356798070567525844996598917476803157260780028538760589558632766878171540458953514382464234321326889464182768467546703537516986049910576551282076245490090389328944075868508455133942304583236903222948165808559332123348274797826204144723168738177180919299881250404026184124858368.000000,0.000000,0.000000,0.000000
29.200000,88.116152,4.704123,0.350253,-0.672764,54.312455
29.600000,88.116152,4.790748,0.350253,-0.785288,55.114017
30.000000,88.116152,4.897981,0.350253,0.227425,55.304854
30.400000,88.116152,5.070673,0.526016,1.465184,55.319113
30.800000,88.116152,5.313255,0.584604,2.815467,55.308588
31.200000,88.116152,5.610545,0.584604,4.165751,55.316207
31.600000,88.116152,5.964421,0.818955,5.403510,55.312322
32.000000,88.116152,6.335027,0.643192,6.753793,55.374373
32.400000,88.116152,6.773330,0.877543,7.991553,55.370488
32.800000,88.116152,7.236723,0.877543,9.341836,55.378107
-3.200000,88.116152,179769313486231570814527423731704356798070567525844996598917476803157260780028538760589558632766878171540458953514382464234321326889464182768467546703537516986049910576551282076245490090389328944075868508455133942304583236903222948165808559332123348274797826204144723168738177180919299881250404026184124858368.000000,0.000000,0.000000,0.000000
3.200000,88.116152,179769313486231570814527423731704356798070567525844996598917476803157260780028538760589558632766878171540458953514382464234321326889464182768467546703537516986049910576551282076245490090389328944075868508455133942304583236903222948165808559332123348274797826204144723168738177180919299881250404026184124858368.000000,0.000000,0.000000,0.000000
33.200000,88.116152,7.730233,0.701780,10.804643,55.379086
33.600000,88.116152,8.248428,0.526016,12.267450,55.380064
34.000000,88.116152,8.782239,0.760368,13.505209,55.376179
34.400000,88.116152,9.366115,0.584604,15.080540,55.316085
34.800000,88.116152,9.923432,0.408840,16.543346,55.317064
35.200000,88.116152,10.448496,0.643192,17.668582,55.374252
35.600000,88.116152,11.011115,0.467428,19.131389,55.375230
36.000000,88.116152,11.614038,0.291665,20.706719,55.315136
36.400000,88.116152,12.140254,0.115901,22.057003,55.377188
36.800000,88.116152,12.702928,-0.059862,23.519809,55.378166
-3.600000,88.116152,179769313486231570814527423731704356798070567525844996598917476803157260780028538760589558632766878171540458953514382464234321326889464182768467546703537516986049910576551282076245490090389328944075868508455133942304583236903222948165808559332123348274797826204144723168738177180919299881250404026184124858368.000000,0.000000,0.000000,0.000000
3.600000,88.116152,179769313486231570814527423731704356798070567525844996598917476803157260780028538760589558632766878171540458953514382464234321326889464182768467546703537516986049910576551282076245490090389328944075868508455133942304583236903222948165808559332123348274797826204144723168738177180919299881250404026184124858368.000000,0.000000,0.000000,0.000000
37.200000,88.116152,13.252712,0.174489,24.757569,55.374281
37.600000,88.116152,14.018109,2.166476,24.982616,55.375726
38.000000,88.116152,15.256927,4.568578,24.982616,55.372307
38.400000,88.116152,16.767579,6.970680,24.982616,55.368889
38.800000,88.116152,18.413436,9.372782,24.982616,55.365470
39.200000,88.116152,20.077355,11.716296,24.982616,55.380195
39.600000,88.116152,179769313486231570814527423731704356798070567525844996598917476803157260780028538760589558632766878171540458953514382464234321326889464182768467546703537516986049910576551282076245490090389328944075868508455133942304583236903222948165808559332123348274797826204144723168738177180919299881250404026184124858368.000000,0.000000,0.000000,0.000000
40.000000,88.116152,179769313486231570814527423731704356798070567525844996598917476803157260780028538760589558632766878171540458953514382464234321326889464182768467546703537516986049910576551282076245490090389328944075868508455133942304583236903222948165808559332123348274797826204144723168738177180919299881250404026184124858368.000000,0.000000,0.000000,0.000000
-4.000000,88.116152,46.780254,-9.844033,-15.975973,4.314725
4.000000,88.116152,179769313486231570814527423731704356798070567525844996598917476803157260780028538760589558632766878171540458953514382464234321326889464182768467546703537516986049910576551282076245490090389328944075868508455133942304583236903222948165808559332123348274797826204144723168738177180919299881250404026184124858368.000000,0.000000,0.000000,0.000000
-4.400000,88.116152,179769313486231570814527423731704356798070567525844996598917476803157260780028538760589558632766878171540458953514382464234321326889464182768467546703537516986049910576551282076245490090389328944075868508455133942304583236903222948165808559332123348274797826204144723168738177180919299881250404026184124858368.000000,0.000000,0.000000,0.000000
4.400000,88.116152,179769313486231570814527423731704356798070567525844996598917476803157260780028538760589558632766878171540458953514382464234321326889464182768467546703537516986049910576551282076245490090389328944075868508455133942304583236903222948165808559332123348274797826204144723168738177180919299881250404026184124858368.000000,0.000000,0.000000,0.000000
-4.800000,88.116152,179769313486231570814527423731704356798070567525844996598917476803157260780028538760589558632766878171540458953514382464234321326889464182768467546703537516986049910576551282076245490090389328944075868508455133942304583236903222948165808559332123348274797826204144723168738177180919299881250404026184124858368.000000,0.000000,0.000000,0.000000
4.800000,88.116152,179769313486231570814527423731704356798070567525844996598917476803157260780028538760589558632766878171540458953514382464234321326889464182768467546703537516986049910576551282076245490090389328944075868508455133942304583236903222948165808559332123348274797826204144723168738177180919299881250404026184124858368.000000,0.000000,0.000000,0.000000
-5.200000,88.116152,179769313486231570814527423731704356798070567525844996598917476803157260780028538760589558632766878171540458953514382464234321326889464182768467546703537516986049910576551282076245490090389328944075868508455133942304583236903222948165808559332123348274797826204144723168738177180919299881250404026184124858368.000000,0.000000,0.000000,0.000000
5.200000,88.116152,179769313486231570814527423731704356798070567525844996598917476803157260780028538760589558632766878171540458953514382464234321326889464182768467546703537516986049910576551282076245490090389328944075868508455133942304583236903222948165808559332123348274797826204144723168738177180919299881250404026184124858368.000000,0.000000,0.000000,0.000000
-5.600000,88.116152,179769313486231570814527423731704356798070567525844996598917476803157260780028538760589558632766878171540458953514382464234321326889464182768467546703537516986049910576551282076245490090389328944075868508455133942304583236903222948165808559332123348274797826204144723168738177180919299881250404026184124858368.000000,0.000000,0.000000,0.000000
5.600000,88.116152,179769313486231570814527423731704356798070567525844996598917476803157260780028538760589558632766878171540458953514382464234321326889464182768467546703537516986049910576551282076245490090389328944075868508455133942304583236903222948165808559332123348274797826204144723168738177180919299881250404026184124858368.000000,0.000000,0.000000,0.000000
-6.000000,88.116152,179769313486231570814527423731704356798070567525844996598917476803157260780028538760589558632766878171540458953514382464234321326889464182768467546703537516986049910576551282076245490090389328944075868508455133942304583236903222948165808559332123348274797826204144723168738177180919299881250404026184124858368.000000,0.000000,0.000000,0.000000
6.000000,88.116152,179769313486231570814527423731704356798070567525844996598917476803157260780028538760589558632766878171540458953514382464234321326889464182768467546703537516986049910576551282076245490090389328944075868508455133942304583236903222948165808559332123348274797826204144723168738177180919299881250404026184124858368.000000,0.000000,0.000000,0.000000
-6.400000,88.116152,179769313486231570814527423731704356798070567525844996598917476803157260780028538760589558632766878171540458953514382464234321326889464182768467546703537516986049910576551282076245490090389328944075868508455133942304583236903222948165808559332123348274797826204144723168738177180919299881250404026184124858368.000000,0.000000,0.000000,0.000000
6.400000,88.116152,179769313486231570814527423731704356798070567525844996598917476803157260780028538760589558632766878171540458953514382464234321326889464182768467546703537516986049910576551282076245490090389328944075868508455133942304583236903222948165808559332123348274797826204144723168738177180919299881250404026184124858368.000000,0.000000,0.000000,0.000000
-6.800000,88.116152,179769313486231570814527423731704356798070567525844996598917476803157260780028538760589558632766878171540458953514382464234321326889464182768467546703537516986049910576551282076245490090389328944075868508455133942304583236903222948165808559332123348274797826204144723168738177180919299881250404026184124858368.000000,0.000000,0.000000,0.000000
6.800000,88.116152,179769313486231570814527423731704356798070567525844996598917476803157260780028538760589558632766878171540458953514382464234321326889464182768467546703537516986049910576551282076245490090389328944075868508455133942304583236903222948165808559332123348274797826204144723168738177180919299881250404026184124858368.000000,0.000000,0.000000,0.000000
-7.200000,88.116152,179769313486231570814527423731704356798070567525844996598917476803157260780028538760589558632766878171540458953514382464234321326889464182768467546703537516986049910576551282076245490090389328944075868508455133942304583236903222948165808559332123348274797826204144723168738177180919299881250404026184124858368.000000,0.000000,0.000000,0.000000
7.200000,88.116152,2.714709,-10.722851,-14.850737,24.709884
-7.600000,88.116152,179769313486231570814527423731704356798070567525844996598917476803157260780028538760589558632766878171540458953514382464234321326889464182768467546703537516986049910576551282076245490090389328944075868508455133942304583236903222948165808559332123348274797826204144723168738177180919299881250404026184124858368.000000,0.000000,0.000000,0.000000
7.600000,88.116152,179769313486231570814527423731704356798070567525844996598917476803157260780028538760589558632766878171540458953514382464234321326889464182768467546703537516986049910576551282076245490090389328944075868508455133942304583236903222948165808559332123348274797826204144723168738177180919299881250404026184124858368.000000,0.000000,0.000000,0.000000
-8.000000,88.116152,179769313486231570814527423731704356798070567525844996598917476803157260780028538760589558632766878171540458953514382464234321326889464182768467546703537516986049910576551282076245490090389328944075868508455133942304583236903222948165808559332123348274797826204144723168738177180919299881250404026184124858368.000000,0.000000,0.000000,0.000000
8.000000,88.116152,179769313486231570814527423731704356798070567525844996598917476803157260780028538760589558632766878171540458953514382464234321326889464182768467546703537516986049910576551282076245490090389328944075868508455133942304583236903222948165808559332123348274797826204144723168738177180919299881250404026184124858368.000000,0.000000,0.000000,0.000000
-8.400000,88.116152,179769313486231570814527423731704356798070567525844996598917476803157260780028538760589558632766878171540458953514382464234321326889464182768467546703537516986049910576551282076245490090389328944075868508455133942304583236903222948165808559332123348274797826204144723168738177180919299881250404026184124858368.000000,0.000000,0.000000,0.000000
8.400000,88.116152,179769313486231570814527423731704356798070567525844996598917476803157260780028538760589558632766878171540458953514382464234321326889464182768467546703537516986049910576551282076245490090389328944075868508455133942304583236903222948165808559332123348274797826204144723168738177180919299881250404026184124858368.000000,0.000000,0.000000,0.000000
-8.800000,88.116152,179769313486231570814527423731704356798070567525844996598917476803157260780028538760589558632766878171540458953514382464234321326889464182768467546703537516986049910576551282076245490090389328944075868508455133942304583236903222948165808559332123348274797826204144723168738177180919299881250404026184124858368.000000,0.000000,0.000000,0.000000
8.800000,88.116152,24.869627,-10.488500,-19.239158,29.981100
-9.200000,88.116152,179769313486231570814527423731704356798070567525844996598917476803157260780028538760589558632766878171540458953514382464234321326889464182768467546703537516986049910576551282076245490090389328944075868508455133942304583236903222948165808559332123348274797826204144723168738177180919299881250404026184124858368.000000,0.000000,0.000000,0.000000
9.200000,88.116152,179769313486231570814527423731704356798070567525844996598917476803157260780028538760589558632766878171540458953514382464234321326889464182768467546703537516986049910576551282076245490090389328944075868508455133942304583236903222948165808559332123348274797826204144723168738177180919299881250404026184124858368.000000,0.000000,0.000000,0.000000
-9.600000,88.116152,179769313486231570814527423731704356798070567525844996598917476803157260780028538760589558632766878171540458953514382464234321326889464182768467546703537516986049910576551282076245490090389328944075868508455133942304583236903222948165808559332123348274797826204144723168738177180919299881250404026184124858368.000000,0.000000,0.000000,0.000000
9.600000,88.116152,179769313486231570814527423731704356798070567525844996598917476803157260780028538760589558632766878171540458953514382464234321326889464182768467546703537516986049910576551282076245490090389328944075868508455133942304583236903222948165808559332123348274797826204144723168738177180919299881250404026184124858368.000000,0.000000,0.000000,0.000000
