-46.959348,88.116152,7.608522
-46.857008,88.116152,7.590533
-46.754668,88.116152,7.572532
-46.652329,88.116152,7.554520
-46.549989,88.116152,7.536496
-46.447649,88.116152,7.518461
-46.345309,88.116152,7.500413
-46.242969,88.116152,7.482354
-46.140629,88.116152,7.464284
-46.038289,88.116152,7.446202
-45.935949,88.116152,7.428108
-45.833610,88.116152,7.410003
-45.731270,88.116152,7.391886
-45.628930,88.116152,7.373758
-45.526590,88.116152,7.355618
-45.424250,88.116152,7.337467
-45.321910,88.116152,7.319304
-45.219570,88.116152,7.301130
-45.117230,88.116152,7.282945
-45.014891,88.116152,7.264748
-44.912551,88.116152,7.247524
-44.810211,88.116152,7.229266
-44.707871,88.116152,7.210996
-44.605531,88.116152,7.192716
-44.503191,88.116152,7.173595
-44.400851,88.116152,7.155331
-44.298511,88.116152,7.137056
-44.196172,88.116152,7.118769
-44.093832,88.116152,7.100472
-43.991492,88.116152,7.082163
-43.889152,88.116152,7.063843
-43.786812,88.116152,7.045512
-43.684472,88.116152,7.027171
-43.582132,88.116152,7.008818
-43.479792,88.116152,6.990454
-43.377453,88.116152,6.972080
-43.275113,88.116152,6.953694
-43.172773,88.116152,6.935298
-43.070433,88.116152,6.916891
-42.968093,88.116152,6.898474
-42.865753,88.116152,6.880045
-42.763413,88.116152,6.861606
-42.661073,88.116152,6.843156
-42.558734,88.116152,6.824696
-42.456394,88.116152,6.806225
-42.354054,88.116152,6.787744
-42.251714,88.116152,6.769252
-42.149374,88.116152,6.750750
-42.047034,88.116152,6.732237
-41.944694,88.116152,6.713714
-41.842354,88.116152,6.695180
-41.740015,88.116152,6.676636
-41.637675,88.116152,6.658082
-41.535335,88.116152,6.639518
-41.432995,88.116152,6.620943
-41.330655,88.116152,6.602359
-41.228315,88.116152,6.583764
-41.125975,88.116152,6.565159
-41.023635,88.116152,6.546544
-40.921296,88.116152,6.527919
-40.818956,88.116152,6.509285
-40.716616,88.116152,6.490640
-40.614276,88.116152,6.471986
-40.511936,88.116152,6.453321
-40.409596,88.116152,6.434647
-40.307256,88.116152,6.415964
-40.204916,88.116152,6.397270
-40.102577,88.116152,6.378567
-40.000237,88.116152,6.359855
-39.897897,88.116152,6.341133
-39.795557,88.116152,6.322401
-39.693217,88.116152,6.303660
-39.590877,88.116152,6.284910
-39.488537,88.116152,6.266151
-39.386197,88.116152,6.247382
-39.283858,88.116152,6.228604
-39.181518,88.116152,6.209817
-39.079178,88.116152,6.191021
-38.976838,88.116152,6.172215
-38.874498,88.116152,6.153401
-38.772158,88.116152,6.134578
-38.669818,88.116152,6.115746
-38.567478,88.116152,6.096905
-38.465139,88.116152,6.078056
-38.362799,88.116152,6.059197
-38.260459,88.116152,6.040330
-38.158119,88.116152,6.021455
-38.055779,88.116152,6.002571
-37.953439,88.116152,5.983678
-37.851099,88.116152,5.964778
-37.748759,88.116152,5.945868
-37.646420,88.116152,5.926951
-37.544080,88.116152,5.908025
-37.441740,88.116152,5.889091
-37.339400,88.116152,5.870150
-37.237060,88.116152,5.851200
-37.134720,88.116152,5.832242
-37.032380,88.116152,5.813276
-36.930040,88.116152,5.794303
-36.827701,88.116152,5.775321
-36.725361,88.116152,5.757315
-36.623021,88.116152,5.738264
-36.520681,88.116152,5.719208
-36.418341,88.116152,5.700151
-36.316001,88.116152,5.681098
-36.213661,88.116152,5.662053
-36.111321,88.116152,5.643016
-36.008981,88.116152,5.623985
-35.906642,88.116152,5.604956
-35.804302,88.116152,5.585924
-35.701962,88.116152,5.566886
-35.599622,88.116152,5.547839
-35.497282,88.116152,5.528782
-35.394942,88.116152,5.509716
-35.292602,88.116152,5.490640
-35.190262,88.116152,5.471555
-35.087923,88.116152,5.452461
-34.985583,88.116152,5.433359
-34.883243,88.116152,5.414250
-34.780903,88.116152,5.395133
-34.678563,88.116152,5.376009
-34.576223,88.116152,5.356879
-34.473883,88.116152,5.337742
-34.371543,88.116152,5.318599
-34.269204,88.116152,5.299451
-34.166864,88.116152,5.280297
-34.064524,88.116152,5.261139
-33.962184,88.116152,5.241975
-33.859844,88.116152,5.222806
-33.757504,88.116152,5.203633
-33.655164,88.116152,5.184455
-33.552824,88.116152,5.165273
-33.450485,88.116152,5.146087
-33.348145,88.116152,5.126896
-33.245805,88.116152,5.107702
-33.143465,88.116152,5.088505
-33.041125,88.116152,5.069304
-32.938785,88.116152,5.050099
-32.836445,88.116152,5.030892
-32.734105,88.116152,5.011681
-32.631766,88.116152,4.992467
-32.529426,88.116152,4.973251
-32.427086,88.116152,4.954032
-32.324746,88.116152,4.934810
-32.222406,88.116152,4.915586
-32.120066,88.116152,4.896360
-32.017726,88.116152,4.877131
-31.915386,88.116152,4.857901
-31.813047,88.116152,4.838668
-31.710707,88.116152,4.819434
-31.608367,88.116152,4.800198
-31.506027,88.116152,4.780961
-31.403687,88.116152,4.761722
-31.301347,88.116152,4.742482
-31.199007,88.116152,4.723241
-31.096667,88.116152,4.703999
-30.994328,88.116152,4.684757
-30.891988,88.116152,4.664835
-30.789648,88.116152,4.645599
-30.687308,88.116152,4.626362
-30.584968,88.116152,4.607124
-30.482628,88.116152,4.587887
-30.380288,88.116152,4.568650
-30.277948,88.116152,4.549413
-30.175609,88.116152,4.530176
-30.073269,88.116152,4.510939
-29.970929,88.116152,4.491704
-29.868589,88.116152,4.472469
-29.766249,88.116152,4.453234
-29.663909,88.116152,4.434001
-29.561569,88.116152,4.414769
-29.459229,88.116152,4.395538
-29.356890,88.116152,4.376309
-29.254550,88.116152,4.357081
-29.152210,88.116152,4.337855
-29.049870,88.116152,4.318631
-28.947530,88.116152,4.299409
-28.845190,88.116152,4.280189
-28.742850,88.116152,4.260972
-28.640510,88.116152,4.241756
-28.538171,88.116152,4.222544
-28.435831,88.116152,4.203334
-28.333491,88.116152,4.184127
-28.231151,88.116152,4.164923
-28.128811,88.116152,4.145723
-28.026471,88.116152,4.126526
-27.924131,88.116152,4.107332
-27.821791,88.116152,4.088142
-27.719452,88.116152,4.068955
-27.617112,88.116152,4.049773
-27.514772,88.116152,4.030595
-27.412432,88.116152,4.011421
-27.310092,88.116152,3.992252
-27.207752,88.116152,3.973087
-27.105412,88.116152,3.953927
-27.003072,88.116152,3.934772
-26.900733,88.116152,3.915622
-26.798393,88.116152,3.896477
-26.696053,88.116152,3.877338
-26.593713,88.116152,3.858204
-26.491373,88.116152,3.839076
-26.389033,88.116152,3.819954
-26.286693,88.116152,3.800838
-26.184353,88.116152,3.781728
-26.082014,88.116152,3.762625
-25.979674,88.116152,3.743528
-25.877334,88.116152,3.724438
-25.774994,88.116152,3.705355
-25.672654,88.116152,3.686279
-25.570314,88.116152,3.667211
-25.467974,88.116152,3.648149
-25.365634,88.116152,3.629096
-25.263294,88.116152,3.610050
-25.160955,88.116152,3.591013
-25.058615,88.116152,3.571983
-24.956275,88.116152,3.552962
-24.853935,88.116152,3.533950
-24.751595,88.116152,3.515941
-24.649255,88.116152,3.496934
-24.546915,88.116152,3.477936
-24.444575,88.116152,3.458947
-24.342236,88.116152,3.439968
-24.239896,88.116152,3.420999
-24.137556,88.116152,3.402040
-24.035216,88.116152,3.383099
-23.932876,88.116152,3.364160
-23.830536,88.116152,3.345231
-23.728196,88.116152,3.326312
-23.625856,88.116152,3.307405
-23.523517,88.116152,3.288509
-23.421177,88.116152,3.269625
-23.318837,88.116152,3.250752
-23.216497,88.116152,3.231891
-23.114157,88.116152,3.213042
-23.011817,88.116152,3.194206
-22.909477,88.116152,3.175382
-22.807137,88.116152,3.156571
-22.704798,88.116152,3.137773
-22.602458,88.116152,3.118989
-22.500118,88.116152,3.100218
-22.397778,88.116152,3.081461
-22.295438,88.116152,3.062717
-22.193098,88.116152,3.043988
-22.090758,88.116152,3.025273
-21.988418,88.116152,3.006573
-21.886079,88.116152,2.987888
-21.783739,88.116152,2.969220
-21.681399,88.116152,2.950565
-21.579059,88.116152,2.931926
-21.476719,88.116152,2.913303
-21.374379,88.116152,2.894695
-21.272039,88.116152,2.876104
-21.169699,88.116152,2.857530
-21.067360,88.116152,2.838972
-20.965020,88.116152,2.820431
-20.862680,88.116152,2.801906
-20.760340,88.116152,2.783400
-20.658000,88.116152,2.764910
-20.555660,88.116152,2.746438
-20.453320,88.116152,2.727984
-20.350980,88.116152,2.709548
-20.248641,88.116152,2.691129
-20.146301,88.116152,2.672336
-20.043961,88.116152,2.653979
-19.941621,88.116152,2.635642
-19.839281,88.116152,2.617325
-19.736941,88.116152,2.599029
-19.634601,88.116152,2.580755
-19.532261,88.116152,2.562503
-19.429922,88.116152,2.544272
-19.327582,88.116152,2.526064
-19.225242,88.116152,2.507878
-19.122902,88.116152,2.489716
-19.020562,88.116152,2.471577
-18.918222,88.116152,2.453462
-18.815882,88.116152,2.435370
-18.713542,88.116152,2.417304
-18.611203,88.116152,2.399262
-18.508863,88.116152,2.381245
-18.406523,88.116152,2.363254
-18.304183,88.116152,2.345290
-18.201843,88.116152,2.327351
-18.099503,88.116152,2.309439
-17.997163,88.116152,2.291555
-17.894823,88.116152,2.273698
-17.792484,88.116152,2.255869
-17.690144,88.116152,2.238069
-17.587804,88.116152,2.220298
-17.485464,88.116152,2.202556
-17.383124,88.116152,2.184843
-17.280784,88.116152,2.167161
-17.178444,88.116152,2.149510
-17.076104,88.116152,2.131889
-16.973765,88.116152,2.114301
-16.871425,88.116152,2.096744
-16.769085,88.116152,2.079219
-16.666745,88.116152,2.061728
-16.564405,88.116152,2.044270
-16.462065,88.116152,2.026846
-16.359725,88.116152,2.009456
-16.257385,88.116152,1.992101
-16.155046,88.116152,1.974782
-16.052706,88.116152,1.957498
-15.950366,88.116152,1.940251
-15.848026,88.116152,1.923041
-15.745686,88.116152,1.905868
-15.643346,88.116152,1.888733
-15.541006,88.116152,1.871636
-15.438666,88.116152,1.854579
-15.336327,88.116152,1.837561
-15.233987,88.116152,1.820584
-15.131647,88.116152,1.803646
-15.029307,88.116152,1.786751
-14.926967,88.116152,1.769897
-14.824627,88.116152,1.753085
-14.722287,88.116152,1.736316
-14.619947,88.116152,1.719591
-14.517607,88.116152,1.702910
-14.415268,88.116152,1.687271
-14.312928,88.116152,1.670662
-14.210588,88.116152,1.654099
-14.108248,88.116152,1.637582
-14.005908,88.116152,1.621113
-13.903568,88.116152,1.604691
-13.801228,88.116152,1.588318
-13.698888,88.116152,1.571994
-13.596549,88.116152,1.555719
-13.494209,88.116152,1.539495
-13.391869,88.116152,1.523321
-13.289529,88.116152,1.507199
-13.187189,88.116152,1.491130
-13.084849,88.116152,1.475113
-12.982509,88.116152,1.459150
-12.880169,88.116152,1.443242
-12.777830,88.116152,1.427388
-12.675490,88.116152,1.411589
-12.573150,88.116152,1.395847
-12.470810,88.116152,1.380162
-12.368470,88.116152,1.364535
-12.266130,88.116152,1.348966
-12.163790,88.116152,1.333455
-12.061450,88.116152,1.318005
-11.959111,88.116152,1.302615
-11.856771,88.116152,1.287286
-11.754431,88.116152,1.272018
-11.652091,88.116152,1.256813
-11.549751,88.116152,1.241672
-11.447411,88.116152,1.226594
-11.345071,88.116152,1.211580
-11.242731,88.116152,1.196632
-11.140392,88.116152,1.181239
-11.038052,88.116152,1.166434
-10.935712,88.116152,1.151695
-10.833372,88.116152,1.137025
-10.731032,88.116152,1.122422
-10.628692,88.116152,1.107889
-10.526352,88.116152,1.093426
-10.424012,88.116152,1.079032
-10.321673,88.116152,1.064710
-10.219333,88.116152,1.050460
-10.116993,88.116152,1.036282
-10.014653,88.116152,1.022178
-9.912313,88.116152,1.008147
-9.809973,88.116152,0.994191
-9.707633,88.116152,0.980310
-9.605293,88.116152,0.966505
-9.502954,88.116152,0.952777
-9.400614,88.116152,0.939126
-9.298274,88.116152,0.925553
-9.195934,88.116152,0.912059
-9.093594,88.116152,0.898644
-8.991254,88.116152,0.885309
-8.888914,88.116152,0.872055
-8.786574,88.116152,0.858882
-8.684235,88.116152,0.845791
-8.581895,88.116152,0.832783
-8.479555,88.116152,0.819859
-8.377215,88.116152,0.807018
-8.274875,88.116152,0.794262
-8.172535,88.116152,0.781591
-8.070195,88.116152,0.769006
-7.967855,88.116152,0.756507
-7.865516,88.116152,0.744096
-7.763176,88.116152,0.731773
-7.660836,88.116152,0.719538
-7.558496,88.116152,0.707392
-7.456156,88.116152,0.695335
-7.353816,88.116152,0.683369
-7.251476,88.116152,0.671494
-7.149136,88.116152,0.659710
-7.046797,88.116152,0.648018
-6.944457,88.116152,0.636419
-6.842117,88.116152,0.624913
-6.739777,88.116152,0.613501
-6.637437,88.116152,0.602183
-6.535097,88.116152,0.590960
-6.432757,88.116152,0.579832
-6.330417,88.116152,0.568800
-6.228078,88.116152,0.557866
-6.125738,88.116152,0.547027
-6.023398,88.116152,0.536286
-5.921058,88.116152,0.525643
-5.818718,88.116152,0.515098
-5.716378,88.116152,0.504653
-5.614038,88.116152,0.494306
-5.511698,88.116152,0.484060
-5.409359,88.116152,0.473914
-5.307019,88.116152,0.463869
-5.204679,88.116152,0.453925
-5.102339,88.116152,0.444082
-4.999999,88.116152,0.434342
-4.897659,88.116152,0.424705
-4.795319,88.116152,0.415170
-4.692979,88.116152,0.405739
-4.590640,88.116152,0.396411
-4.488300,88.116152,0.387187
-4.385960,88.116152,0.378068
-4.283620,88.116152,0.369054
-4.181280,88.116152,0.360145
-4.078940,88.116152,0.351342
-3.976600,88.116152,0.342644
-3.874260,88.116152,0.334053
-3.771920,88.116152,0.325568
-3.669581,88.116152,0.317190
-3.567241,88.116152,0.308918
-3.464901,88.116152,0.300755
-3.362561,88.116152,0.292699
-3.260221,88.116152,0.284750
-3.157881,88.116152,0.276910
-3.055541,88.116152,0.269178
-2.953201,88.116152,0.261555
-2.850862,88.116152,0.254041
-2.748522,88.116152,0.246635
-2.646182,88.116152,0.239340
-2.543842,88.116152,0.232153
-2.441502,88.116152,0.225076
-2.339162,88.116152,0.218108
-2.236822,88.116152,0.211250
-2.134482,88.116152,0.204503
-2.032143,88.116152,0.197865
-1.929803,88.116152,0.191338
-1.827463,88.116152,0.184921
-1.725123,88.116152,0.178615
-1.622783,88.116152,0.172419
-1.520443,88.116152,0.166334
-1.418103,88.116152,0.160359
-1.315763,88.116152,0.154496
-1.213424,88.116152,0.148743
-1.111084,88.116152,0.143101
-1.008744,88.116152,0.137570
-0.906404,88.116152,0.132149
-0.804064,88.116152,0.126840
-0.701724,88.116152,0.121642
-0.599384,88.116152,0.116554
-0.497044,88.116152,0.111577
-0.394705,88.116152,0.106711
-0.292365,88.116152,0.101956
-0.190025,88.116152,0.097312
-0.087685,88.116152,0.092778
0.014655,88.116152,0.089337
0.116995,88.116152,0.084976
0.219335,88.116152,0.080726
0.321675,88.116152,0.076588
0.424014,88.116152,0.072561
0.526354,88.116152,0.068646
0.628694,88.116152,0.064842
0.731034,88.116152,0.061148
0.833374,88.116152,0.057566
0.935714,88.116152,0.053502
1.038054,88.116152,0.050178
1.140394,88.116152,0.046963
1.242733,88.116152,0.043857
1.345073,88.116152,0.040860
1.447413,88.116152,0.037971
1.549753,88.116152,0.035190
1.652093,88.116152,0.033444
1.754433,88.116152,0.030805
1.856773,88.116152,0.028276
1.959113,88.116152,0.025859
2.061452,88.116152,0.023551
2.163792,88.116152,0.020767
2.266132,88.116152,0.018738
2.368472,88.116152,0.016815
2.470812,88.116152,0.015909
2.573152,88.116152,0.013286
2.675492,88.116152,0.012661
2.777832,88.116152,0.011033
2.880171,88.116152,0.009518
2.982511,88.116152,0.008117
3.084851,88.116152,0.006829
3.187191,88.116152,0.005654
3.289531,88.116152,0.004591
3.391871,88.116152,0.003639
3.494211,88.116152,0.002799
3.596551,88.116152,0.002070
3.698890,88.116152,0.001452
3.801230,88.116152,0.001052
3.903570,88.116152,0.000766
4.005910,88.116152,0.000359
4.108250,88.116152,0.000105
4.210590,88.116152,0.000002
4.312930,88.116152,0.000052
4.415270,88.116152,0.000252
4.517609,88.116152,0.000603
4.619949,88.116152,0.000876
4.722289,88.116152,0.001392
4.824629,88.116152,0.001815
4.926969,88.116152,0.002488
5.029309,88.116152,0.003265
5.131649,88.116152,0.004146
5.233989,88.116152,0.005131
5.336328,88.116152,0.006218
5.438668,88.116152,0.007408
5.541008,88.116152,0.008700
5.643348,88.116152,0.010093
5.745688,88.116152,0.011587
5.848028,88.116152,0.013182
5.950368,88.116152,0.013751
6.052708,88.116152,0.016319
6.155048,88.116152,0.017160
6.257387,88.116152,0.019001
6.359727,88.116152,0.020933
6.462067,88.116152,0.023564
6.564407,88.116152,0.025730
6.666747,88.116152,0.027987
6.769087,88.116152,0.030335
6.871427,88.116152,0.032774
6.973767,88.116152,0.035301
7.076106,88.116152,0.037918
7.178446,88.116152,0.039588
7.280786,88.116152,0.042312
7.383126,88.116152,0.045121
7.485466,88.116152,0.048016
7.587806,88.116152,0.050995
7.690146,88.116152,0.054057
7.792486,88.116152,0.057203
7.894825,88.116152,0.060432
7.997165,88.116152,0.063743
8.099505,88.116152,0.067885
8.201845,88.116152,0.071398
8.304185,88.116152,0.074993
8.406525,88.116152,0.078669
8.508865,88.116152,0.082425
8.611205,88.116152,0.086262
8.713544,88.116152,0.090177
8.815884,88.116152,0.093126
8.918224,88.116152,0.097153
9.020564,88.116152,0.101257
9.122904,88.116152,0.105437
9.225244,88.116152,0.109693
9.327584,88.116152,0.114024
9.429924,88.116152,0.118430
9.532263,88.116152,0.122910
9.634603,88.116152,0.127464
9.736943,88.116152,0.132091
9.839283,88.116152,0.136790
9.941623,88.116152,0.141561
10.043963,88.116152,0.146404
10.146303,88.116152,0.151318
10.248643,88.116152,0.156302
10.350982,88.116152,0.161356
10.453322,88.116152,0.166480
10.555662,88.116152,0.171672
10.658002,88.116152,0.176933
10.760342,88.116152,0.182261
10.862682,88.116152,0.187657
10.965022,88.116152,0.193119
11.067362,88.116152,0.198648
11.169701,88.116152,0.204242
11.272041,88.116152,0.210835
11.374381,88.116152,0.216586
11.476721,88.116152,0.222402
11.579061,88.116152,0.227264
11.681401,88.116152,0.233178
11.783741,88.116152,0.239156
11.886081,88.116152,0.245195
11.988420,88.116152,0.251295
12.090760,88.116152,0.257457
12.193100,88.116152,0.263679
12.295440,88.116152,0.269961
12.397780,88.116152,0.276303
12.500120,88.116152,0.282703
12.602460,88.116152,0.289162
12.704800,88.116152,0.295679
12.807139,88.116152,0.302253
12.909479,88.116152,0.308885
13.011819,88.116152,0.315572
13.114159,88.116152,0.322316
13.216499,88.116152,0.329115
13.318839,88.116152,0.335970
13.421179,88.116152,0.342878
13.523519,88.116152,0.349841
13.625858,88.116152,0.356857
13.728198,88.116152,0.363927
13.830538,88.116152,0.371049
13.932878,88.116152,0.378223
14.035218,88.116152,0.385448
14.137558,88.116152,0.392725
14.239898,88.116152,0.400053
14.342238,88.116152,0.407431
14.444577,88.116152,0.414858
14.546917,88.116152,0.422335
14.649257,88.116152,0.429860
14.751597,88.116152,0.437435
14.853937,88.116152,0.445056
14.956277,88.116152,0.452726
15.058617,88.116152,0.460442
15.160957,88.116152,0.468205
15.263296,88.116152,0.476015
15.365636,88.116152,0.483869
15.467976,88.116152,0.491770
15.570316,88.116152,0.499715
15.672656,88.116152,0.507704
15.774996,88.116152,0.515737
15.877336,88.116152,0.523814
15.979676,88.116152,0.531934
16.082015,88.116152,0.540097
16.184355,88.116152,0.549101
16.286695,88.116152,0.557362
16.389035,88.116152,0.565664
16.491375,88.116152,0.574007
16.593715,88.116152,0.582392
16.696055,88.116152,0.590816
16.798395,88.116152,0.599280
16.900735,88.116152,0.607784
17.003074,88.116152,0.616327
17.105414,88.116152,0.624909
17.207754,88.116152,0.633529
17.310094,88.116152,0.642187
17.412434,88.116152,0.650883
17.514774,88.116152,0.659616
17.617114,88.116152,0.667380
17.719454,88.116152,0.676171
17.821793,88.116152,0.684997
17.924133,88.116152,0.693859
18.026473,88.116152,0.702757
18.128813,88.116152,0.711689
18.231153,88.116152,0.720655
18.333493,88.116152,0.729656
18.435833,88.116152,0.738690
18.538173,88.116152,0.747758
18.640512,88.116152,0.756859
18.742852,88.116152,0.765992
18.845192,88.116152,0.775158
18.947532,88.116152,0.784356
19.049872,88.116152,0.793586
19.152212,88.116152,0.802847
19.254552,88.116152,0.812139
19.356892,88.116152,0.821461
19.459231,88.116152,0.830814
19.561571,88.116152,0.840197
19.663911,88.116152,0.849610
19.766251,88.116152,0.859052
19.868591,88.116152,0.868523
19.970931,88.116152,0.878023
20.073271,88.116152,0.887551
20.175611,88.116152,0.897108
20.277950,88.116152,0.906692
20.380290,88.116152,0.916304
20.482630,88.116152,0.925943
20.584970,88.116152,0.935608
20.687310,88.116152,0.945301
20.789650,88.116152,0.955020
20.891990,88.116152,0.964764
20.994330,88.116152,0.974535
21.096669,88.116152,0.984331
21.199009,88.116152,0.994152
21.301349,88.116152,1.003998
21.403689,88.116152,1.013869
21.506029,88.116152,1.023764
21.608369,88.116152,1.033683
21.710709,88.116152,1.043626
21.813049,88.116152,1.053593
21.915388,88.116152,1.063583
22.017728,88.116152,1.073596
22.120068,88.116152,1.083631
22.222408,88.116152,1.093689
22.324748,88.116152,1.103770
22.427088,88.116152,1.113872
22.529428,88.116152,1.123996
22.631768,88.116152,1.134142
22.734107,88.116152,1.144309
22.836447,88.116152,1.154497
22.938787,88.116152,1.164705
23.041127,88.116152,1.174934
23.143467,88.116152,1.185184
23.245807,88.116152,1.195454
23.348147,88.116152,1.205743
23.450487,88.116152,1.216052
23.552826,88.116152,1.226381
23.655166,88.116152,1.236729
23.757506,88.116152,1.247095
23.859846,88.116152,1.257481
23.962186,88.116152,1.267885
24.064526,88.116152,1.278307
24.166866,88.116152,1.288747
24.269206,88.116152,1.299206
24.371545,88.116152,1.309682
24.473885,88.116152,1.320175
24.576225,88.116152,1.330686
24.678565,88.116152,1.341214
24.780905,88.116152,1.352302
24.883245,88.116152,1.362870
24.985585,88.116152,1.373455
25.087925,88.116152,1.384056
25.190264,88.116152,1.394673
25.292604,88.116152,1.405306
25.394944,88.116152,1.415955
25.497284,88.116152,1.426619
25.599624,88.116152,1.437299
25.701964,88.116152,1.447993
25.804304,88.116152,1.458703
25.906644,88.116152,1.469427
26.008983,88.116152,1.480165
26.111323,88.116152,1.490918
26.213663,88.116152,1.501685
26.316003,88.116152,1.512466
26.418343,88.116152,1.523261
26.520683,88.116152,1.534069
26.623023,88.116152,1.544890
26.725363,88.116152,1.555725
26.827702,88.116152,1.566572
26.930042,88.116152,1.577432
27.032382,88.116152,1.588304
27.134722,88.116152,1.599189
27.237062,88.116152,1.610085
27.339402,88.116152,1.620993
27.441742,88.116152,1.631913
27.544082,88.116152,1.642843
27.646422,88.116152,1.653785
27.748761,88.116152,1.664738
27.851101,88.116152,1.675701
27.953441,88.116152,1.686674
28.055781,88.116152,1.697657
28.158121,88.116152,1.708651
28.260461,88.116152,1.719654
28.362801,88.116152,1.730668
28.465141,88.116152,1.741692
28.567480,88.116152,1.752725
28.669820,88.116152,1.763770
28.772160,88.116152,1.774826
28.874500,88.116152,1.785895
28.976840,88.116152,1.796976
29.079180,88.116152,1.808070
29.181520,88.116152,1.819177
29.283860,88.116152,1.830299
29.386199,88.116152,1.841435
29.488539,88.116152,1.852584
29.590879,88.116152,1.863747
29.693219,88.116152,1.874923
29.795559,88.116152,1.886111
29.897899,88.116152,1.897310
30.000239,88.116152,1.908519
30.102579,88.116152,1.919739
30.204918,88.116152,1.930968
30.307258,88.116152,1.942210
30.409598,88.116152,1.953457
30.511938,88.116152,1.964711
30.614278,88.116152,1.975973
30.716618,88.116152,1.987243
30.818958,88.116152,1.998520
30.921298,88.116152,2.009805
31.023637,88.116152,2.021097
31.125977,88.116152,2.032397
31.228317,88.116152,2.043703
31.330657,88.116152,2.055017
31.432997,88.116152,2.066337
31.535337,88.116152,2.076662
31.637677,88.116152,2.087978
31.740017,88.116152,2.099301
31.842356,88.116152,2.110631
31.944696,88.116152,2.121968
32.047036,88.116152,2.133312
32.149376,88.116152,2.144663
32.251716,88.116152,2.156021
32.354056,88.116152,2.167386
32.456396,88.116152,2.178757
32.558736,88.116152,2.190134
32.661075,88.116152,2.201518
32.763415,88.116152,2.212908
32.865755,88.116152,2.224305
32.968095,88.116152,2.235708
33.070435,88.116152,2.247116
33.172775,88.116152,2.258531
33.275115,88.116152,2.269952
33.377455,88.116152,2.281378
33.479794,88.116152,2.292810
33.582134,88.116152,2.304577
33.684474,88.116152,2.316023
33.786814,88.116152,2.327476
33.889154,88.116152,2.338933
33.991494,88.116152,2.350396
34.093834,88.116152,2.361864
34.196174,88.116152,2.373337
34.298513,88.116152,2.384816
34.400853,88.116152,2.396299
34.503193,88.116152,2.407787
34.605533,88.116152,2.419281
34.707873,88.116152,2.430779
34.810213,88.116152,2.442281
34.912553,88.116152,2.453788
35.014893,88.116152,2.465300
35.117232,88.116152,2.476816
35.219572,88.116152,2.488337
35.321912,88.116152,2.499862
35.424252,88.116152,2.511391
35.526592,88.116152,2.522924
35.628932,88.116152,2.534462
35.731272,88.116152,2.546003
35.833612,88.116152,2.557549
35.935951,88.116152,2.569098
36.038291,88.116152,2.580651
36.140631,88.116152,2.592208
36.242971,88.116152,2.603769
36.345311,88.116152,2.615333
36.447651,88.116152,2.626901
36.549991,88.116152,2.638472
36.652331,88.116152,2.650047
36.754670,88.116152,2.661625
36.857010,88.116152,2.673207
36.959350,88.116152,2.684791
37.061690,88.116152,2.696379
37.164030,88.116152,2.707970
37.266370,88.116152,2.719564
37.368710,88.116152,2.731160
37.471050,88.116152,2.742760
37.573389,88.116152,2.754363
37.675729,88.116152,2.765968
37.778069,88.116152,2.777576
37.880409,88.116152,2.789187
37.982749,88.116152,2.800800
38.085089,88.116152,2.812416
38.187429,88.116152,2.824034
38.289769,88.116152,2.835655
38.392109,88.116152,2.847278
38.494448,88.116152,2.858904
38.596788,88.116152,2.870531
38.699128,88.116152,2.882161
38.801468,88.116152,2.893793
38.903808,88.116152,2.905427
39.006148,88.116152,2.917063
39.108488,88.116152,2.928701
39.210828,88.116152,2.940341
39.313167,88.116152,2.951983
39.415507,88.116152,2.963627
39.517847,88.116152,2.975272
39.620187,88.116152,2.986919
39.722527,88.116152,2.998568
39.824867,88.116152,3.010228
39.927207,88.116152,3.021879
40.029547,88.116152,3.033532
40.131886,88.116152,3.045186
40.234226,88.116152,3.056841
40.336566,88.116152,3.068498
40.438906,88.116152,3.080150
40.541246,88.116152,3.091809
40.643586,88.116152,3.103470
40.745926,88.116152,3.115131
40.848266,88.116152,3.126793
40.950605,88.116152,3.138457
41.052945,88.116152,3.150121
41.155285,88.116152,3.161787
41.257625,88.116152,3.173453
41.359965,88.116152,3.185120
41.462305,88.116152,3.196788
41.564645,88.116152,3.208457
41.666985,88.116152,3.220126
41.769324,88.116152,3.231796
41.871664,88.116152,3.243467
41.974004,88.116152,3.255138
42.076344,88.116152,3.266810
42.178684,88.116152,3.278482
42.281024,88.116152,3.290155
42.383364,88.116152,3.301828
42.485704,88.116152,3.313501
42.588043,88.116152,3.325174
42.690383,88.116152,3.336848
42.792723,88.116152,3.348522
42.895063,88.116152,3.360196
42.997403,88.116152,3.371870
43.099743,88.116152,3.383544
43.202083,88.116152,3.395219
43.304423,88.116152,3.406893
43.406762,88.116152,3.418567
43.509102,88.116152,3.430241
43.611442,88.116152,3.441914
43.713782,88.116152,3.453588
43.816122,88.116152,3.465261
43.918462,88.116152,3.476934
44.020802,88.116152,3.488607
44.123142,88.116152,3.500279
44.225481,88.116152,3.511950
44.327821,88.116152,3.523622
44.430161,88.116152,3.535292
44.532501,88.116152,3.546962
44.634841,88.116152,3.558632
44.737181,88.116152,3.570301
44.839521,88.116152,3.581969
44.941861,88.116152,3.593636
45.044200,88.116152,3.605303
45.146540,88.116152,3.616969
45.248880,88.116152,3.628634
45.351220,88.116152,3.640298
45.453560,88.116152,3.651961
45.555900,88.116152,3.663623
45.658240,88.116152,3.675268
45.760580,88.116152,3.686927
45.862919,88.116152,3.698585
45.965259,88.116152,3.710242
46.067599,88.116152,3.721897
46.169939,88.116152,3.733551
46.272279,88.116152,3.745204
46.374619,88.116152,3.756856
46.476959,88.116152,3.768506
46.579299,88.116152,3.780154
46.681638,88.116152,3.791801
46.783978,88.116152,3.803447
46.886318,88.116152,3.815091
46.988658,88.116152,3.826734
47.090998,88.116152,3.838375
47.193338,88.116152,3.850014
47.295678,88.116152,3.861651
47.398018,88.116152,3.873287
47.500357,88.116152,3.884921
47.602697,88.116152,3.896553
47.705037,88.116152,3.908183
47.807377,88.116152,3.919812
47.909717,88.116152,3.931438
48.012057,88.116152,3.943063
48.114397,88.116152,3.954685
48.216737,88.116152,3.966306
48.319077,88.116152,3.977924
48.421416,88.116152,3.989540
48.523756,88.116152,4.001154
48.626096,88.116152,4.012766
48.728436,88.116152,4.024375
48.830776,88.116152,4.035982
48.933116,88.116152,4.047587
49.035456,88.116152,4.059190
49.137796,88.116152,4.070790
49.240135,88.116152,4.081385
49.342475,88.116152,4.092975
49.444815,88.116152,4.104562
49.547155,88.116152,4.116147
49.649495,88.116152,4.127730
49.751835,88.116152,4.139310
49.854175,88.116152,4.150887
49.956515,88.116152,4.162462
50.058854,88.116152,4.174034
50.161194,88.116152,4.185603
50.263534,88.116152,4.197169
50.365874,88.116152,4.208733
50.468214,88.116152,4.220294
50.570554,88.116152,4.231852
50.672894,88.116152,4.243408
50.775234,88.116152,4.254960
50.877573,88.116152,4.266510
50.979913,88.116152,4.278057
51.082253,88.116152,4.289600
51.184593,88.116152,4.301141
51.286933,88.116152,4.312679
51.389273,88.116152,4.324214
51.491613,88.116152,4.335745
51.593953,88.116152,4.347274
51.696292,88.116152,4.358799
51.798632,88.116152,4.370322
51.900972,88.116152,4.381841
52.003312,88.116152,4.393357
52.105652,88.116152,4.404870
52.207992,88.116152,4.416379
52.310332,88.116152,4.427886
52.412672,88.116152,4.439389
52.515011,88.116152,4.450888
52.617351,88.116152,4.462385
52.719691,88.116152,4.473878
52.822031,88.116152,4.485367
52.924371,88.116152,4.496853
53.026711,88.116152,4.508336
53.129051,88.116152,4.519815
53.231391,88.116152,4.531291
53.333730,88.116152,4.542764
53.436070,88.116152,4.554232
53.538410,88.116152,4.565697
53.640750,88.116152,4.577159
53.743090,88.116152,4.588617
53.845430,88.116152,4.600071
53.947770,88.116152,4.611522
54.050110,88.116152,4.622969
54.152449,88.116152,4.634412
54.254789,88.116152,4.645852
54.357129,88.116152,4.657288
54.459469,88.116152,4.668720
54.561809,88.116152,4.680148
54.664149,88.116152,4.691572
54.766489,88.116152,4.702993
54.868829,88.116152,4.714410
54.971168,88.116152,4.725823
55.073508,88.116152,4.737519
55.175848,88.116152,4.748925
55.278188,88.116152,4.760328
55.380528,88.116152,4.771727
