-20,88.116152,6.579037,1.311093,5.8311,-40.595391
-19.95,88.116152,6.559757,1.393116,5.696071,-40.454944
-19.9,88.116152,6.541805,1.393116,5.696071,-40.362383
-19.85,88.116152,6.523848,1.393116,5.696071,-40.269822
-19.8,88.116152,6.50558,1.393116,5.561043,-40.103974
-19.75,88.116152,6.48861,1.475139,5.426015,-39.963527
-19.7,88.116152,6.470549,1.475139,5.426015,-39.870966
-19.65,88.116152,6.451879,1.334528,5.583548,-39.82036
-19.6,88.116152,6.433831,1.334528,5.583548,-39.727799
-19.55,88.116152,6.415934,1.322811,5.606052,-39.643823
-19.5,88.116152,6.397884,1.322811,5.606052,-39.551262
-19.45,88.116152,6.380414,1.416551,5.763585,-39.573233
-19.4,88.116152,6.362426,1.416551,5.313491,-39.236381
-19.35,88.116152,6.344263,1.416551,5.313491,-39.14382
-19.3,88.116152,6.325882,1.404834,5.335996,-39.059844
-19.25,88.116152,6.308177,1.498574,5.493529,-39.081815
-19.2,88.116152,6.290122,1.498574,5.493529,-38.989254
-19.15,88.116152,6.271865,1.486857,5.516034,-38.905279
-19.1,88.116152,6.25381,1.486857,5.516034,-38.812718
-19.05,88.116152,6.235052,1.334528,5.381006,-38.599694
-19,88.116152,6.216866,1.334528,5.381006,-38.507133
-18.95,88.116152,6.199792,1.334528,5.696072,-38.585575
-18.9,88.116152,6.181751,1.334528,5.696072,-38.493014
-18.85,88.116152,6.163707,1.334528,5.696072,-38.400453
-18.8,88.116152,6.144583,1.416551,5.561043,-38.260006
-18.75,88.116152,6.126887,1.416551,5.426015,-38.094158
-18.7,88.116152,6.108718,1.416551,5.426015,-38.001596
-18.65,88.116152,6.091601,1.264223,5.290987,-37.788573
-18.6,88.116152,6.073306,1.264223,5.290987,-37.696012
-18.55,88.116152,6.055918,1.264223,5.606053,-37.774454
-18.5,88.116152,6.037635,1.264223,5.155958,-37.437602
-18.45,88.116152,6.017753,1.346246,5.471024,-37.541446
-18.4,88.116152,5.999567,1.346246,5.471024,-37.448885
-18.35,88.116152,5.98138,1.346246,5.471024,-37.356323
-18.3,88.116152,5.962638,1.346246,5.335996,-37.190475
-18.25,88.116152,5.944594,1.346246,5.200967,-37.024627
-18.2,88.116152,5.926275,1.346246,5.200967,-36.932065
-18.15,88.116152,5.907966,1.346246,5.065939,-36.766217
-18.1,88.116152,5.8896,1.346246,5.065939,-36.673656
-18.05,88.116152,5.870429,1.346246,5.223472,-36.666596
-18,88.116152,5.852134,1.346246,5.223472,-36.574035
-17.95,88.116152,5.833838,1.346246,5.223472,-36.481473
-17.9,88.116152,5.81554,1.346246,5.223472,-36.388912
-17.85,88.116152,5.797241,1.346246,5.223472,-36.296351
-17.8,88.116152,5.778941,1.346246,5.223472,-36.20379
-17.75,88.116152,5.760639,1.346246,5.223472,-36.111228
-17.7,88.116152,5.742335,1.346246,5.223472,-36.018667
-17.65,88.116152,5.72403,1.346246,5.223472,-35.926106
-17.6,88.116152,5.705724,1.346246,5.223472,-35.833545
-17.55,88.116152,5.687417,1.346246,5.223472,-35.740983
-17.5,88.116152,5.669109,1.346246,5.223472,-35.648422
-17.45,88.116152,5.650706,1.346246,5.065939,-35.470359
-17.4,88.116152,5.63232,1.346246,5.065939,-35.377798
-17.35,88.116152,5.613933,1.346246,5.065939,-35.285237
-17.3,88.116152,5.595134,1.346246,5.065939,-35.192675
-17.25,88.116152,5.577081,1.264223,5.065939,-35.074712
-17.2,88.116152,5.558651,1.264223,5.065939,-34.982151
-17.15,88.116152,5.539935,1.346246,5.065939,-34.914992
-17.1,88.116152,5.521534,1.346246,5.065939,-34.82243
-17.05,88.116152,5.503134,1.346246,5.065939,-34.729869
-17,88.116152,5.484733,1.346246,5.065939,-34.637308
-16.95,88.116152,5.466331,1.346246,5.065939,-34.544747
-16.9,88.116152,5.44793,1.346246,5.065939,-34.452185
-16.85,88.116152,5.429529,1.346246,5.065939,-34.359624
-16.8,88.116152,5.411128,1.346246,5.065939,-34.267063
-16.75,88.116152,5.392724,1.346246,4.908406,-34.089
-16.7,88.116152,5.374249,1.346246,4.908406,-33.996439
-16.65,88.116152,5.355773,1.346246,4.908406,-33.903877
-16.6,88.116152,5.337299,1.346246,4.908406,-33.811316
-16.55,88.116152,5.318724,1.264223,4.908406,-33.693353
-16.5,88.116152,5.300222,1.264223,4.908406,-33.600792
-16.45,88.116152,5.28172,1.264223,4.908406,-33.50823
-16.4,88.116152,5.263219,1.264223,4.908406,-33.415669
-16.35,88.116152,5.244718,1.264223,4.908406,-33.323108
-16.3,88.116152,5.226219,1.264223,4.908406,-33.230547
-16.25,88.116152,5.208134,1.264223,4.908406,-33.137985
-16.2,88.116152,5.189628,1.264223,4.908406,-33.045424
-16.15,88.116152,5.172196,1.346246,5.065939,-33.063766
-16.1,88.116152,5.153802,1.346246,5.065939,-32.971205
-16.05,88.116152,5.135036,1.264223,4.908406,-32.76774
-16,88.116152,5.116504,1.264223,4.908406,-32.675179
-15.95,88.116152,5.09799,1.264223,4.750873,-32.497116
-15.9,88.116152,5.079396,1.264223,4.750873,-32.404555
-15.85,88.116152,5.060804,1.264223,4.750873,-32.311994
-15.8,88.116152,5.042216,1.264223,4.750873,-32.219432
-15.75,88.116152,5.023632,1.264223,4.750873,-32.126871
-15.7,88.116152,5.005051,1.264223,4.750873,-32.03431
-15.65,88.116152,4.986473,1.264223,4.750873,-31.941749
-15.6,88.116152,4.968382,1.346246,4.750873,-31.874589
-15.55,88.116152,4.949848,1.346246,4.750873,-31.782028
-15.5,88.116152,4.930764,1.264223,4.750873,-31.664065
-15.45,88.116152,4.912203,1.264223,4.750873,-31.571504
-15.4,88.116152,4.893645,1.264223,4.750873,-31.478942
-15.35,88.116152,4.875092,1.264223,4.750873,-31.386381
-15.3,88.116152,4.856543,1.264223,4.750873,-31.29382
-15.25,88.116152,4.837998,1.264223,4.750873,-31.201258
-15.2,88.116152,4.819458,1.264223,4.750873,-31.108697
-15.15,88.116152,4.800922,1.264223,4.750873,-31.016136
-15.1,88.116152,4.781414,1.264223,4.750873,-30.923575
-15.05,88.116152,4.762915,1.264223,4.750873,-30.831013
-15,88.116152,4.744205,1.264223,4.59334,-30.652951
-14.95,88.116152,4.725639,1.264223,4.59334,-30.560389
-14.9,88.116152,4.707077,1.264223,4.59334,-30.467828
-14.85,88.116152,4.688519,1.264223,4.59334,-30.375267
-14.8,88.116152,4.669966,1.264223,4.59334,-30.282705
-14.75,88.116152,4.651417,1.264223,4.59334,-30.190144
-14.7,88.116152,4.632873,1.264223,4.59334,-30.097583
-14.65,88.116152,4.614334,1.264223,4.59334,-30.005022
-14.6,88.116152,4.5958,1.264223,4.59334,-29.91246
-14.55,88.116152,4.57727,1.264223,4.59334,-29.819899
-14.5,88.116152,4.558746,1.264223,4.59334,-29.727338
-14.45,88.116152,4.540227,1.264223,4.59334,-29.634777
-14.4,88.116152,4.521713,1.264223,4.59334,-29.542215
-14.35,88.116152,4.50317,1.264223,4.435807,-29.364152
-14.3,88.116152,4.48525,1.264223,4.435807,-29.271591
-14.25,88.116152,4.466661,1.264223,4.435807,-29.17903
-14.2,88.116152,4.448078,1.264223,4.435807,-29.086469
-14.15,88.116152,4.429525,1.264223,4.435807,-28.993907
-14.1,88.116152,4.410953,1.264223,4.435807,-28.901346
-14.05,88.116152,4.392387,1.264223,4.435807,-28.808785
-14,88.116152,4.373829,1.264223,4.435807,-28.716224
-13.95,88.116152,4.355343,1.1822,4.435807,-28.598261
-13.9,88.116152,4.336767,1.1822,4.435807,-28.505699
-13.85,88.116152,4.318199,1.1822,4.435807,-28.413138
-13.8,88.116152,4.299637,1.1822,4.435807,-28.320577
-13.75,88.116152,4.281482,1.1822,4.278274,-28.142514
-13.7,88.116152,4.262861,1.1822,4.278274,-28.049953
-13.65,88.116152,4.244247,1.1822,4.278274,-27.957391
-13.6,88.116152,4.225469,1.1822,4.435807,-27.950332
-13.55,88.116152,4.206947,1.1822,4.435807,-27.85777
-13.5,88.116152,4.188433,1.1822,4.435807,-27.765209
-13.45,88.116152,4.169882,1.1822,4.278274,-27.587146
-13.4,88.116152,4.151309,1.1822,4.278274,-27.494585
-13.35,88.116152,4.132744,1.1822,4.278274,-27.402024
-13.3,88.116152,4.114188,1.1822,4.278274,-27.309462
-13.25,88.116152,4.095641,1.1822,4.278274,-27.216901
-13.2,88.116152,4.077103,1.1822,4.278274,-27.12434
-13.15,88.116152,4.058573,1.1822,4.278274,-27.031779
-13.1,88.116152,4.040053,1.1822,4.278274,-26.939217
-13.05,88.116152,4.021542,1.1822,4.278274,-26.846656
-13,88.116152,4.00304,1.1822,4.278274,-26.754095
-12.95,88.116152,3.984706,1.1822,4.120741,-26.576032
-12.9,88.116152,3.966151,1.1822,4.120741,-26.483471
-12.85,88.116152,3.94736,1.1822,4.278274,-26.476411
-12.8,88.116152,3.9289,1.1822,4.278274,-26.38385
-12.75,88.116152,3.910451,1.1822,4.278274,-26.291289
-12.7,88.116152,3.892013,1.1822,4.278274,-26.198727
-12.65,88.116152,3.873584,1.1822,4.278274,-26.106166
-12.6,88.116152,3.855032,1.1822,4.120741,-25.928103
-12.55,88.116152,3.83655,1.1822,4.120741,-25.835542
-12.5,88.116152,3.818078,1.1822,4.120741,-25.742981
-12.45,88.116152,3.800241,1.264223,4.120741,-25.675821
-12.4,88.116152,3.781824,1.264223,4.120741,-25.58326
-12.35,88.116152,3.762729,1.1822,4.120741,-25.465297
-12.3,88.116152,3.744302,1.1822,4.120741,-25.372735
-12.25,88.116152,3.725886,1.1822,4.120741,-25.280174
-12.2,88.116152,3.707483,1.1822,4.120741,-25.187613
-12.15,88.116152,3.689092,1.1822,4.120741,-25.095052
-12.1,88.116152,3.670712,1.1822,4.120741,-25.00249
-12.05,88.116152,3.652345,1.1822,4.120741,-24.909929
-12,88.116152,3.633991,1.1822,4.120741,-24.817368
-11.95,88.116152,3.615649,1.1822,4.120741,-24.724807
-11.9,88.116152,3.59732,1.1822,4.120741,-24.632245
-11.85,88.116152,3.577954,1.1822,3.963208,-24.454182
-11.8,88.116152,3.559589,1.1822,3.963208,-24.361621
-11.75,88.116152,3.541238,1.1822,3.963208,-24.26906
-11.7,88.116152,3.522899,1.1822,3.963208,-24.176499
-11.65,88.116152,3.504574,1.1822,3.963208,-24.083937
-11.6,88.116152,3.486262,1.1822,3.963208,-23.991376
-11.55,88.116152,3.467964,1.1822,3.963208,-23.898815
-11.5,88.116152,3.450252,1.1822,4.120741,-23.891755
-11.45,88.116152,3.432402,1.1822,3.963208,-23.713692
-11.4,88.116152,3.414136,1.1822,3.963208,-23.621131
-11.35,88.116152,3.395885,1.1822,3.963208,-23.52857
-11.3,88.116152,3.377649,1.1822,3.963208,-23.436009
-11.25,88.116152,3.359427,1.1822,3.963208,-23.343447
-11.2,88.116152,3.34122,1.1822,3.963208,-23.250886
-11.15,88.116152,3.323028,1.1822,3.963208,-23.158325
-11.1,88.116152,3.304852,1.1822,3.963208,-23.065763
-11.05,88.116152,3.286691,1.1822,3.963208,-22.973202
-11,88.116152,3.268337,1.100177,3.963208,-22.855239
-10.95,88.116152,3.250109,1.100177,3.805675,-22.677176
-10.9,88.116152,3.23189,1.100177,3.805675,-22.584615
-10.85,88.116152,3.213688,1.100177,3.805675,-22.492054
-10.8,88.116152,3.195503,1.100177,3.805675,-22.399492
-10.75,88.116152,3.177335,1.100177,3.805675,-22.306931
-10.7,88.116152,3.159183,1.100177,3.805675,-22.21437
-10.65,88.116152,3.141049,1.100177,3.805675,-22.121809
-10.6,88.116152,3.122932,1.100177,3.805675,-22.029247
-10.55,88.116152,3.104832,1.100177,3.805675,-21.936686
-10.5,88.116152,3.086751,1.100177,3.805675,-21.844125
-10.45,88.116152,3.068688,1.100177,3.805675,-21.751564
-10.4,88.116152,3.050642,1.100177,3.805675,-21.659002
-10.35,88.116152,3.032616,1.100177,3.805675,-21.566441
-10.3,88.116152,3.014608,1.100177,3.805675,-21.47388
-10.25,88.116152,2.996619,1.100177,3.805675,-21.381319
-10.2,88.116152,2.978649,1.100177,3.805675,-21.288757
-10.15,88.116152,2.960698,1.100177,3.805675,-21.196196
-10.1,88.116152,2.942679,1.100177,3.648142,-21.018133
-10.05,88.116152,2.924696,1.100177,3.648142,-20.925572
-10,88.116152,2.906732,1.100177,3.648142,-20.833011
-9.95,88.116152,2.888789,1.100177,3.648142,-20.740449
-9.9,88.116152,2.870867,1.100177,3.648142,-20.647888
-9.85,88.116152,2.852965,1.100177,3.648142,-20.555327
-9.8,88.116152,2.835085,1.100177,3.648142,-20.462766
-9.75,88.116152,2.817226,1.100177,3.648142,-20.370204
-9.7,88.116152,2.799389,1.100177,3.648142,-20.277643
-9.65,88.116152,2.781573,1.100177,3.648142,-20.185082
-9.6,88.116152,2.76378,1.100177,3.648142,-20.09252
-9.55,88.116152,2.746009,1.100177,3.648142,-19.999959
-9.5,88.116152,2.728261,1.100177,3.648142,-19.907398
-9.45,88.116152,2.710536,1.100177,3.648142,-19.814837
-9.4,88.116152,2.692834,1.100177,3.648142,-19.722275
-9.35,88.116152,2.675156,1.100177,3.648142,-19.629714
-9.3,88.116152,2.657502,1.100177,3.648142,-19.537153
-9.25,88.116152,2.639871,1.100177,3.648142,-19.444592
-9.2,88.116152,2.622265,1.100177,3.648142,-19.35203
-9.15,88.116152,2.604683,1.100177,3.648142,-19.259469
-9.1,88.116152,2.587126,1.100177,3.648142,-19.166908
-9.05,88.116152,2.569595,1.100177,3.648142,-19.074347
-9,88.116152,2.552088,1.100177,3.648142,-18.981785
-8.95,88.116152,2.534124,1.100177,3.490609,-18.803722
-8.9,88.116152,2.5166,1.100177,3.490609,-18.711161
-8.85,88.116152,2.499103,1.100177,3.490609,-18.6186
-8.8,88.116152,2.481633,1.100177,3.490609,-18.526039
-8.75,88.116152,2.464189,1.100177,3.490609,-18.433477
-8.7,88.116152,2.446774,1.100177,3.490609,-18.340916
-8.65,88.116152,2.429385,1.100177,3.490609,-18.248355
-8.6,88.116152,2.412025,1.100177,3.490609,-18.155794
-8.55,88.116152,2.394694,1.100177,3.490609,-18.063232
-8.5,88.116152,2.377391,1.100177,3.490609,-17.970671
-8.45,88.116152,2.360117,1.100177,3.490609,-17.87811
-8.4,88.116152,2.342872,1.100177,3.490609,-17.785548
-8.35,88.116152,2.325657,1.100177,3.490609,-17.692987
-8.3,88.116152,2.308472,1.100177,3.490609,-17.600426
-8.25,88.116152,2.291317,1.100177,3.490609,-17.507865
-8.2,88.116152,2.274193,1.100177,3.490609,-17.415303
-8.15,88.116152,2.2571,1.100177,3.490609,-17.322742
-8.1,88.116152,2.240038,1.100177,3.490609,-17.230181
-8.05,88.116152,2.223008,1.100177,3.490609,-17.13762
-8,88.116152,2.205367,1.018154,3.333076,-16.934155
-7.95,88.116152,2.188463,1.100177,3.333076,-16.866995
-7.9,88.116152,2.171465,1.100177,3.333076,-16.774434
-7.85,88.116152,2.154501,1.100177,3.333076,-16.681873
-7.8,88.116152,2.13757,1.100177,3.333076,-16.589312
-7.75,88.116152,2.120674,1.100177,3.333076,-16.49675
-7.7,88.116152,2.103812,1.100177,3.333076,-16.404189
-7.65,88.116152,2.086985,1.100177,3.333076,-16.311628
-7.6,88.116152,2.069855,1.018154,3.333076,-16.193665
-7.55,88.116152,2.053073,1.018154,3.333076,-16.101104
-7.5,88.116152,2.036327,1.018154,3.333076,-16.008542
-7.45,88.116152,2.019618,1.018154,3.333076,-15.915981
-7.4,88.116152,2.00294,1.018154,3.333076,-15.82342
-7.35,88.116152,1.986305,1.018154,3.333076,-15.730859
-7.3,88.116152,1.969707,1.018154,3.333076,-15.638297
-7.25,88.116152,1.952788,1.018154,3.175543,-15.460234
-7.2,88.116152,1.936213,1.018154,3.175543,-15.367673
-7.15,88.116152,1.919676,1.018154,3.175543,-15.275112
-7.1,88.116152,1.90318,1.018154,3.175543,-15.182551
-7.05,88.116152,1.886724,1.018154,3.175543,-15.089989
-7,88.116152,1.870308,1.018154,3.175543,-14.997428
-6.95,88.116152,1.853933,1.018154,3.175543,-14.904867
-6.9,88.116152,1.8376,1.018154,3.175543,-14.812305
-6.85,88.116152,1.821309,1.018154,3.175543,-14.719744
-6.8,88.116152,1.80506,1.018154,3.175543,-14.627183
-6.75,88.116152,1.788854,1.018154,3.175543,-14.534622
-6.7,88.116152,1.77269,1.018154,3.175543,-14.44206
-6.65,88.116152,1.756571,1.018154,3.175543,-14.349499
-6.6,88.116152,1.741179,1.018154,3.175543,-14.256938
-6.55,88.116152,1.725145,1.018154,3.175543,-14.164377
-6.5,88.116152,1.709155,1.018154,3.175543,-14.071815
-6.45,88.116152,1.693211,1.018154,3.175543,-13.979254
-6.4,88.116152,1.677313,1.018154,3.175543,-13.886693
-6.35,88.116152,1.661461,1.018154,3.175543,-13.794132
-6.3,88.116152,1.645656,1.018154,3.175543,-13.70157
-6.25,88.116152,1.629898,1.018154,3.175543,-13.609009
-6.2,88.116152,1.614189,1.018154,3.175543,-13.516448
-6.15,88.116152,1.598527,1.018154,3.175543,-13.423886
-6.1,88.116152,1.582819,1.018154,3.01801,-13.245824
-6.05,88.116152,1.567202,1.018154,3.01801,-13.153262
-6,88.116152,1.551636,1.018154,3.01801,-13.060701
-5.95,88.116152,1.53612,1.018154,3.01801,-12.96814
-5.9,88.116152,1.520655,1.018154,3.01801,-12.875579
-5.85,88.116152,1.505242,1.018154,3.01801,-12.783017
-5.8,88.116152,1.489881,1.018154,3.01801,-12.690456
-5.75,88.116152,1.474573,1.018154,3.01801,-12.597895
-5.7,88.116152,1.459318,1.018154,3.01801,-12.505333
-5.65,88.116152,1.444116,1.018154,3.01801,-12.412772
-5.6,88.116152,1.428969,1.018154,3.01801,-12.320211
-5.55,88.116152,1.413877,1.018154,3.01801,-12.22765
-5.5,88.116152,1.39884,1.018154,3.01801,-12.135088
-5.45,88.116152,1.383859,1.018154,3.01801,-12.042527
-5.4,88.116152,1.368934,1.018154,3.01801,-11.949966
-5.35,88.116152,1.355043,1.018154,3.01801,-11.857405
-5.3,88.116152,1.340216,1.018154,3.01801,-11.764843
-5.25,88.116152,1.325446,1.018154,3.01801,-11.672282
-5.2,88.116152,1.310736,1.018154,3.01801,-11.579721
-5.15,88.116152,1.296085,1.018154,3.01801,-11.48716
-5.1,88.116152,1.281493,1.018154,3.01801,-11.394598
-5.05,88.116152,1.266962,1.018154,3.01801,-11.302037
-5,88.116152,1.252492,1.018154,3.01801,-11.209476
-4.95,88.116152,1.238088,0.936131,3.01801,-11.091513
-4.9,88.116152,1.22372,0.936131,3.01801,-10.998951
-4.85,88.116152,1.20941,1.018154,2.860477,-10.84629
-4.8,88.116152,1.195144,1.018154,2.860477,-10.753729
-4.75,88.116152,1.181073,1.018154,3.01801,-10.746669
-4.7,88.116152,1.16698,1.018154,3.01801,-10.654108
-4.65,88.116152,1.15295,1.018154,3.01801,-10.561547
-4.6,88.116152,1.138725,0.936131,2.860477,-10.358082
-4.55,88.116152,1.124764,0.936131,2.860477,-10.265521
-4.5,88.116152,1.11087,0.936131,2.860477,-10.17296
-4.45,88.116152,1.09749,1.018154,3.01801,-10.191302
-4.4,88.116152,1.083792,1.018154,3.01801,-10.098741
-4.35,88.116152,1.070161,1.018154,3.01801,-10.006179
-4.3,88.116152,1.056599,1.018154,3.01801,-9.913618
-4.25,88.116152,1.042422,0.936131,2.860477,-9.710153
-4.2,88.116152,1.028297,0.936131,2.860477,-9.617592
-4.15,88.116152,1.014895,0.936131,2.860477,-9.525031
-4.1,88.116152,1.001563,0.936131,2.860477,-9.43247
-4.05,88.116152,0.988303,0.936131,2.860477,-9.339908
-4,88.116152,0.975114,0.936131,2.860477,-9.247347
-3.95,88.116152,0.961998,0.936131,2.860477,-9.154786
-3.9,88.116152,0.948954,0.936131,2.860477,-9.062225
-3.85,88.116152,0.935983,0.936131,2.860477,-8.969663
-3.8,88.116152,0.923086,0.936131,2.860477,-8.877102
-3.75,88.116152,0.910263,0.936131,2.860477,-8.784541
-3.7,88.116152,0.897515,0.936131,2.860477,-8.691979
-3.65,88.116152,0.884842,0.936131,2.860477,-8.599418
-3.6,88.116152,0.872245,0.936131,2.860477,-8.506857
-3.55,88.116152,0.859724,0.936131,2.860477,-8.414296
-3.5,88.116152,0.84728,0.936131,2.860477,-8.321734
-3.45,88.116152,0.834913,0.936131,2.860477,-8.229173
-3.4,88.116152,0.822943,0.936131,2.702944,-8.05111
-3.35,88.116152,0.8107,0.936131,2.702944,-7.958549
-3.3,88.116152,0.798537,0.936131,2.702944,-7.865988
-3.25,88.116152,0.786454,0.936131,2.702944,-7.773426
-3.2,88.116152,0.77445,0.936131,2.702944,-7.680865
-3.15,88.116152,0.762361,0.936131,2.860477,-7.673806
-3.1,88.116152,0.750548,0.936131,2.860477,-7.581244
-3.05,88.116152,0.738925,0.936131,2.702944,-7.403181
-3,88.116152,0.727246,0.936131,2.702944,-7.31062
-2.95,88.116152,0.71565,0.936131,2.702944,-7.218059
-2.9,88.116152,0.704137,0.936131,2.702944,-7.125498
-2.85,88.116152,0.692706,0.936131,2.702944,-7.032936
-2.8,88.116152,0.68136,0.936131,2.702944,-6.940375
-2.75,88.116152,0.670098,0.936131,2.702944,-6.847814
-2.7,88.116152,0.65892,0.936131,2.702944,-6.755253
-2.65,88.116152,0.647828,0.936131,2.702944,-6.662691
-2.6,88.116152,0.636821,0.936131,2.702944,-6.57013
-2.55,88.116152,0.625899,0.936131,2.702944,-6.477569
-2.5,88.116152,0.615065,0.936131,2.702944,-6.385007
-2.45,88.116152,0.604316,0.936131,2.702944,-6.292446
-2.4,88.116152,0.593655,0.936131,2.702944,-6.199885
-2.35,88.116152,0.583081,0.936131,2.702944,-6.107324
-2.3,88.116152,0.572596,0.936131,2.702944,-6.014762
-2.25,88.116152,0.562198,0.936131,2.702944,-5.922201
-2.2,88.116152,0.551889,0.936131,2.702944,-5.82964
-2.15,88.116152,0.541669,0.936131,2.702944,-5.737079
-2.1,88.116152,0.531539,0.936131,2.702944,-5.644517
-2.05,88.116152,0.521498,0.936131,2.702944,-5.551956
-2,88.116152,0.511549,0.936131,2.702944,-5.459395
-1.95,88.116152,0.501689,0.936131,2.702944,-5.366834
-1.9,88.116152,0.491919,0.936131,2.702944,-5.274272
-1.85,88.116152,0.482241,0.936131,2.702944,-5.181711
-1.8,88.116152,0.472654,0.936131,2.702944,-5.08915
-1.75,88.116152,0.463159,0.936131,2.702944,-4.996588
-1.7,88.116152,0.453756,0.936131,2.702944,-4.904027
-1.65,88.116152,0.444445,0.936131,2.702944,-4.811466
-1.6,88.116152,0.435228,0.936131,2.702944,-4.718905
-1.55,88.116152,0.426103,0.936131,2.702944,-4.626343
-1.5,88.116152,0.417071,0.936131,2.702944,-4.533782
-1.45,88.116152,0.408134,0.936131,2.702944,-4.441221
-1.4,88.116152,0.39929,0.936131,2.702944,-4.34866
-1.35,88.116152,0.39054,0.936131,2.702944,-4.256098
-1.3,88.116152,0.381884,0.936131,2.702944,-4.163537
-1.25,88.116152,0.373323,0.936131,2.702944,-4.070976
-1.2,88.116152,0.364858,0.936131,2.702944,-3.978415
-1.15,88.116152,0.356487,0.936131,2.702944,-3.885853
-1.1,88.116152,0.348211,0.936131,2.702944,-3.793292
-1.05,88.116152,0.340032,0.936131,2.702944,-3.700731
-1,88.116152,0.331948,0.936131,2.702944,-3.608169
-0.95,88.116152,0.32396,0.936131,2.702944,-3.515608
-0.9,88.116152,0.316068,0.936131,2.702944,-3.423047
-0.85,88.116152,0.308273,0.936131,2.702944,-3.330486
-0.8,88.116152,0.300574,0.936131,2.702944,-3.237924
-0.75,88.116152,0.292973,0.936131,2.702944,-3.145363
-0.7,88.116152,0.285468,0.936131,2.702944,-3.052802
-0.65,88.116152,0.27806,0.936131,2.702944,-2.960241
-0.6,88.116152,0.27075,0.936131,2.702944,-2.867679
-0.55,88.116152,0.263537,0.936131,2.702944,-2.775118
-0.5,88.116152,0.256422,0.936131,2.702944,-2.682557
-0.45,88.116152,0.249404,0.936131,2.702944,-2.589996
-0.4,88.116152,0.242484,0.936131,2.702944,-2.497434
-0.35,88.116152,0.235663,0.936131,2.702944,-2.404873
-0.3,88.116152,0.228939,0.936131,2.702944,-2.312312
-0.25,88.116152,0.222314,0.936131,2.702944,-2.21975
-0.2,88.116152,0.215787,0.936131,2.702944,-2.127189
-0.15,88.116152,0.209358,0.936131,2.702944,-2.034628
-0.1,88.116152,0.203028,0.936131,2.702944,-1.942067
-0.05,88.116152,0.196796,0.936131,2.702944,-1.849505
0,88.116152,0.190663,0.936131,2.702944,-1.756944
0.05,88.116152,0.184629,0.936131,2.702944,-1.664383
0.1,88.116152,0.178693,0.936131,2.702944,-1.571822
0.15,88.116152,0.172856,0.936131,2.702944,-1.47926
0.2,88.116152,0.167118,0.936131,2.702944,-1.386699
0.25,88.116152,0.161479,0.936131,2.702944,-1.294138
0.3,88.116152,0.155939,0.936131,2.702944,-1.201577
0.35,88.116152,0.150498,0.936131,2.702944,-1.109015
0.4,88.116152,0.145155,0.936131,2.702944,-1.016454
0.45,88.116152,0.139911,0.936131,2.702944,-0.923893
0.5,88.116152,0.134767,0.936131,2.702944,-0.831331
0.55,88.116152,0.129721,0.936131,2.702944,-0.73877
0.6,88.116152,0.124774,0.936131,2.702944,-0.646209
0.65,88.116152,0.119951,0.854108,2.702944,-0.528246
0.7,88.116152,0.115192,0.854108,2.702944,-0.435685
0.75,88.116152,0.110531,0.854108,2.702944,-0.343123
0.8,88.116152,0.105969,0.854108,2.702944,-0.250562
0.85,88.116152,0.101506,0.854108,2.702944,-0.158001
0.9,88.116152,0.097141,0.854108,2.702944,-0.06544
0.95,88.116152,0.092875,0.854108,2.702944,0.027122
1,88.116152,0.088707,0.854108,2.702944,0.119683
1.05,88.116152,0.084638,0.854108,2.702944,0.212244
1.1,88.116152,0.080667,0.854108,2.702944,0.304805
1.15,88.116152,0.076794,0.854108,2.702944,0.397367
1.2,88.116152,0.073019,0.854108,2.702944,0.489928
1.25,88.116152,0.070338,0.854108,2.702944,0.582489
1.3,88.116152,0.066803,0.936131,2.702944,0.649649
1.35,88.116152,0.063282,0.936131,2.702944,0.74221
1.4,88.116152,0.059859,0.936131,2.702944,0.834771
1.45,88.116152,0.056535,0.936131,2.702944,0.927333
1.5,88.116152,0.05331,0.936131,2.702944,1.019894
1.55,88.116152,0.050183,0.936131,2.702944,1.112455
1.6,88.116152,0.046409,0.936131,2.545411,1.290518
1.65,88.116152,0.04351,0.936131,2.545411,1.383079
1.7,88.116152,0.040707,0.936131,2.545411,1.475641
1.75,88.116152,0.038001,0.936131,2.545411,1.568202
1.8,88.116152,0.03539,0.936131,2.545411,1.660763
1.85,88.116152,0.032808,0.854108,2.545411,1.778726
1.9,88.116152,0.03038,0.854108,2.545411,1.871287
1.95,88.116152,0.028047,0.854108,2.545411,1.963849
2,88.116152,0.025835,0.854108,2.702944,1.970908
2.05,88.116152,0.023704,0.854108,2.702944,2.06347
2.1,88.116152,0.021667,0.854108,2.702944,2.156031
2.15,88.116152,0.019725,0.854108,2.702944,2.248592
2.2,88.116152,0.01815,0.936131,2.702944,2.315752
2.25,88.116152,0.017386,0.936131,2.702944,2.408313
2.3,88.116152,0.015644,0.936131,2.702944,2.500874
2.35,88.116152,0.014001,0.936131,2.702944,2.593435
2.4,88.116152,0.012456,0.936131,2.702944,2.685997
2.45,88.116152,0.011011,0.936131,2.702944,2.778558
2.5,88.116152,0.009663,0.936131,2.702944,2.871119
2.55,88.116152,0.008413,0.936131,2.702944,2.96368
2.6,88.116152,0.006913,0.936131,2.545411,3.141743
2.65,88.116152,0.005846,0.936131,2.545411,3.234305
2.7,88.116152,0.004877,0.936131,2.545411,3.326866
2.75,88.116152,0.004004,0.936131,2.545411,3.419427
2.8,88.116152,0.002922,0.854108,2.545411,3.53739
2.85,88.116152,0.002234,0.854108,2.545411,3.629951
2.9,88.116152,0.001789,0.854108,2.545411,3.722513
2.95,88.116152,0.001582,0.854108,2.702944,3.729572
3,88.116152,0.00115,0.854108,2.702944,3.822134
3.05,88.116152,0.000816,0.854108,2.702944,3.914695
3.1,88.116152,0.000321,0.854108,2.545411,4.092758
3.15,88.116152,0.000152,0.854108,2.545411,4.185319
3.2,88.116152,0.000103,0.854108,2.545411,4.27788
3.25,88.116152,0.0002,0.854108,2.545411,4.370442
3.3,88.116152,0.000417,0.854108,2.545411,4.463003
3.35,88.116152,0.00076,0.854108,2.545411,4.555564
3.4,88.116152,0.001009,0.854108,2.545411,4.648125
3.45,88.116152,0.001489,0.854108,2.545411,4.740687
3.5,88.116152,0.001858,0.854108,2.545411,4.833248
3.55,88.116152,0.002475,0.854108,2.545411,4.925809
3.6,88.116152,0.003182,0.854108,2.545411,5.01837
3.65,88.116152,0.003979,0.854108,2.545411,5.110932
3.7,88.116152,0.004865,0.854108,2.545411,5.203493
3.75,88.116152,0.005841,0.854108,2.545411,5.296054
3.8,88.116152,0.006906,0.854108,2.545411,5.388615
3.85,88.116152,0.00806,0.854108,2.545411,5.481177
3.9,88.116152,0.009301,0.854108,2.545411,5.573738
3.95,88.116152,0.01063,0.854108,2.545411,5.666299
4,88.116152,0.012046,0.854108,2.545411,5.758861
4.05,88.116152,0.01355,0.854108,2.545411,5.851422
4.1,88.116152,0.015139,0.854108,2.545411,5.943983
4.15,88.116152,0.016816,0.854108,2.545411,6.036544
4.2,88.116152,0.018577,0.854108,2.545411,6.129106
4.25,88.116152,0.019372,0.854108,2.545411,6.221667
4.3,88.116152,0.021826,0.854108,2.387878,6.39973
4.35,88.116152,0.023723,0.854108,2.387878,6.492291
4.4,88.116152,0.026629,0.936131,2.545411,6.473949
4.45,88.116152,0.027772,0.936131,2.545411,6.56651
4.5,88.116152,0.02934,0.854108,2.545411,6.684473
4.55,88.116152,0.031571,0.854108,2.545411,6.777034
4.6,88.116152,0.034396,0.854108,2.387878,6.955097
4.65,88.116152,0.036268,0.854108,2.545411,6.962157
4.7,88.116152,0.039269,0.854108,2.545411,7.054718
4.75,88.116152,0.041844,0.854108,2.545411,7.14728
4.8,88.116152,0.044497,0.854108,2.545411,7.239841
4.85,88.116152,0.047228,0.854108,2.545411,7.332402
4.9,88.116152,0.050034,0.854108,2.545411,7.424963
4.95,88.116152,0.052917,0.854108,2.545411,7.517525
5,88.116152,0.055877,0.854108,2.545411,7.610086
5.05,88.116152,0.058913,0.854108,2.545411,7.702647
5.1,88.116152,0.062022,0.854108,2.545411,7.795208
5.15,88.116152,0.065603,0.854108,2.387878,7.973271
5.2,88.116152,0.067833,0.854108,2.387878,8.065833
5.25,88.116152,0.071101,0.854108,2.387878,8.158394
5.3,88.116152,0.075079,0.936131,2.387878,8.225553
5.35,88.116152,0.078502,0.936131,2.387878,8.318115
5.4,88.116152,0.081133,0.854108,2.545411,8.350576
5.45,88.116152,0.084709,0.854108,2.545411,8.443137
5.5,88.116152,0.088355,0.854108,2.545411,8.535699
5.55,88.116152,0.092072,0.854108,2.545411,8.62826
5.6,88.116152,0.095858,0.854108,2.545411,8.720821
5.65,88.116152,0.099714,0.854108,2.545411,8.813382
5.7,88.116152,0.103633,0.854108,2.545411,8.905944
5.75,88.116152,0.107633,0.854108,2.545411,8.998505
5.8,88.116152,0.111694,0.854108,2.545411,9.091066
5.85,88.116152,0.115824,0.854108,2.545411,9.183627
5.9,88.116152,0.120002,0.854108,2.387878,9.36169
5.95,88.116152,0.124242,0.854108,2.387878,9.454252
6,88.116152,0.128548,0.854108,2.387878,9.546813
6.05,88.116152,0.13292,0.854108,2.387878,9.639374
6.1,88.116152,0.137358,0.854108,2.387878,9.731935
6.15,88.116152,0.141997,0.854108,2.545411,9.738995
6.2,88.116152,0.146588,0.854108,2.545411,9.831556
6.25,88.116152,0.151244,0.854108,2.545411,9.924118
6.3,88.116152,0.155752,0.854108,2.387878,10.10218
6.35,88.116152,0.16051,0.854108,2.387878,10.194742
6.4,88.116152,0.165331,0.854108,2.387878,10.287303
6.45,88.116152,0.170214,0.854108,2.387878,10.379864
6.5,88.116152,0.175159,0.854108,2.387878,10.472425
6.55,88.116152,0.180166,0.854108,2.387878,10.564987
6.6,88.116152,0.185233,0.854108,2.387878,10.657548
6.65,88.116152,0.190361,0.854108,2.387878,10.750109
6.7,88.116152,0.19555,0.854108,2.387878,10.842671
6.75,88.116152,0.200798,0.854108,2.387878,10.935232
6.8,88.116152,0.206107,0.854108,2.387878,11.027793
6.85,88.116152,0.211474,0.854108,2.387878,11.120354
6.9,88.116152,0.2169,0.854108,2.387878,11.212916
6.95,88.116152,0.222384,0.854108,2.387878,11.305477
7,88.116152,0.227925,0.854108,2.387878,11.398038
7.05,88.116152,0.233525,0.854108,2.387878,11.490599
7.1,88.116152,0.239181,0.854108,2.387878,11.583161
7.15,88.116152,0.244894,0.854108,2.387878,11.675722
7.2,88.116152,0.250663,0.854108,2.387878,11.768283
7.25,88.116152,0.256488,0.854108,2.387878,11.860844
7.3,88.116152,0.262368,0.854108,2.387878,11.953406
7.35,88.116152,0.268303,0.854108,2.387878,12.045967
7.4,88.116152,0.274293,0.854108,2.387878,12.138528
7.45,88.116152,0.280337,0.854108,2.387878,12.23109
7.5,88.116152,0.286434,0.854108,2.387878,12.323651
7.55,88.116152,0.292585,0.854108,2.387878,12.416212
7.6,88.116152,0.298764,0.772085,2.387878,12.534175
7.65,88.116152,0.305006,0.772085,2.387878,12.626736
7.7,88.116152,0.311301,0.772085,2.387878,12.719298
7.75,88.116152,0.317647,0.772085,2.387878,12.811859
7.8,88.116152,0.324044,0.772085,2.387878,12.90442
7.85,88.116152,0.330493,0.772085,2.387878,12.996981
7.9,88.116152,0.336992,0.772085,2.387878,13.089543
7.95,88.116152,0.343541,0.772085,2.387878,13.182104
8,88.116152,0.35014,0.772085,2.387878,13.274665
8.05,88.116152,0.356789,0.772085,2.387878,13.367226
8.1,88.116152,0.363486,0.772085,2.387878,13.459788
8.15,88.116152,0.370237,0.772085,2.230345,13.637851
8.2,88.116152,0.376998,0.772085,2.230345,13.730412
8.25,88.116152,0.383806,0.772085,2.230345,13.822973
8.3,88.116152,0.390663,0.772085,2.230345,13.915534
8.35,88.116152,0.397566,0.772085,2.230345,14.008096
8.4,88.116152,0.404515,0.772085,2.230345,14.100657
8.45,88.116152,0.411512,0.772085,2.230345,14.193218
8.5,88.116152,0.418553,0.772085,2.230345,14.285779
8.55,88.116152,0.425641,0.772085,2.230345,14.378341
8.6,88.116152,0.432773,0.772085,2.230345,14.470902
8.65,88.116152,0.439951,0.772085,2.230345,14.563463
8.7,88.116152,0.447173,0.772085,2.230345,14.656025
8.75,88.116152,0.454439,0.772085,2.230345,14.748586
8.8,88.116152,0.461748,0.772085,2.230345,14.841147
8.85,88.116152,0.469101,0.772085,2.230345,14.933708
8.9,88.116152,0.476497,0.772085,2.230345,15.02627
8.95,88.116152,0.483936,0.772085,2.230345,15.118831
9,88.116152,0.491417,0.772085,2.230345,15.211392
9.05,88.116152,0.499563,0.772085,2.387878,15.218452
9.1,88.116152,0.507165,0.772085,2.387878,15.311013
9.15,88.116152,0.514961,0.772085,2.230345,15.489076
9.2,88.116152,0.522622,0.772085,2.230345,15.581637
9.25,88.116152,0.530324,0.772085,2.230345,15.674198
9.3,88.116152,0.538066,0.772085,2.230345,15.76676
9.35,88.116152,0.545849,0.772085,2.230345,15.859321
9.4,88.116152,0.553671,0.772085,2.230345,15.951882
9.45,88.116152,0.561533,0.772085,2.230345,16.044444
9.5,88.116152,0.569434,0.772085,2.230345,16.137005
9.55,88.116152,0.578086,0.690062,2.230345,16.254968
9.6,88.116152,0.58504,0.690062,2.230345,16.347529
9.65,88.116152,0.593368,0.772085,2.230345,16.414689
9.7,88.116152,0.600405,0.772085,2.230345,16.50725
9.75,88.116152,0.608481,0.772085,2.230345,16.599811
9.8,88.116152,0.616759,0.772085,2.072812,16.777874
9.85,88.116152,0.624843,0.772085,2.072812,16.870435
9.9,88.116152,0.632784,0.772085,2.072812,16.962997
9.95,88.116152,0.640966,0.772085,2.072812,17.055558
10,88.116152,0.648551,0.772085,2.072812,17.148119
10.05,88.116152,0.656785,0.772085,2.072812,17.24068
10.1,88.116152,0.665054,0.772085,2.072812,17.333242
10.15,88.116152,0.673359,0.772085,2.072812,17.425803
10.2,88.116152,0.681699,0.772085,2.072812,17.518364
10.25,88.116152,0.690073,0.772085,2.072812,17.610925
10.3,88.116152,0.69922,0.772085,2.072812,17.703487
10.35,88.116152,0.707678,0.772085,2.072812,17.796048
10.4,88.116152,0.715559,0.772085,2.072812,17.888609
10.45,88.116152,0.724695,0.772085,2.072812,17.98117
10.5,88.116152,0.733253,0.772085,2.072812,18.073732
10.55,88.116152,0.741843,0.772085,2.072812,18.166293
10.6,88.116152,0.750465,0.772085,2.072812,18.258854
10.65,88.116152,0.759119,0.772085,2.072812,18.351416
10.7,88.116152,0.767805,0.772085,2.072812,18.443977
10.75,88.116152,0.776522,0.772085,2.072812,18.536538
10.8,88.116152,0.78527,0.772085,2.072812,18.629099
10.85,88.116152,0.794048,0.772085,2.072812,18.721661
10.9,88.116152,0.802858,0.772085,2.072812,18.814222
10.95,88.116152,0.811697,0.772085,2.072812,18.906783
11,88.116152,0.820566,0.772085,2.072812,18.999344
11.05,88.116152,0.828824,0.772085,1.915279,19.177407
11.1,88.116152,0.837705,0.772085,1.915279,19.269969
11.15,88.116152,0.846616,0.772085,1.915279,19.36253
11.2,88.116152,0.855558,0.772085,1.915279,19.455091
11.25,88.116152,0.864528,0.772085,1.915279,19.547652
11.3,88.116152,0.873528,0.772085,1.915279,19.640214
11.35,88.116152,0.882558,0.772085,1.915279,19.732775
11.4,88.116152,0.891611,0.772085,1.915279,19.825336
11.45,88.116152,0.900691,0.772085,1.915279,19.917897
11.5,88.116152,0.909799,0.772085,1.915279,20.010459
11.55,88.116152,0.918932,0.772085,1.915279,20.10302
11.6,88.116152,0.928051,0.772085,1.915279,20.195581
11.65,88.116152,0.937234,0.772085,1.915279,20.288142
11.7,88.116152,0.946443,0.772085,1.915279,20.380704
11.75,88.116152,0.955676,0.772085,1.915279,20.473265
11.8,88.116152,0.964934,0.772085,1.915279,20.565826
11.85,88.116152,0.974216,0.772085,1.915279,20.658388
11.9,88.116152,0.983523,0.772085,1.915279,20.750949
11.95,88.116152,0.992853,0.772085,1.915279,20.84351
12,88.116152,1.002208,0.772085,1.915279,20.936071
12.05,88.116152,1.011586,0.772085,1.915279,21.028633
12.1,88.116152,1.020987,0.772085,1.915279,21.121194
12.15,88.116152,1.030517,0.690062,1.915279,21.239157
12.2,88.116152,1.039948,0.690062,1.915279,21.331718
12.25,88.116152,1.0494,0.690062,1.915279,21.424279
12.3,88.116152,1.058876,0.690062,1.915279,21.516841
12.35,88.116152,1.068249,0.690062,1.915279,21.609402
12.4,88.116152,1.078738,0.772085,1.757746,21.762063
12.45,88.116152,1.088277,0.772085,1.757746,21.854624
12.5,88.116152,1.097838,0.772085,1.757746,21.947186
12.55,88.116152,1.107402,0.690062,1.757746,22.065149
12.6,88.116152,1.116988,0.690062,1.757746,22.15771
12.65,88.116152,1.126597,0.690062,1.757746,22.250271
12.7,88.116152,1.136228,0.690062,1.757746,22.342832
12.75,88.116152,1.14588,0.690062,1.757746,22.435394
12.8,88.116152,1.155554,0.690062,1.757746,22.527955
12.85,88.116152,1.165249,0.690062,1.757746,22.620516
12.9,88.116152,1.174965,0.690062,1.757746,22.713078
12.95,88.116152,1.184702,0.690062,1.757746,22.805639
13,88.116152,1.19446,0.690062,1.757746,22.8982
13.05,88.116152,1.204956,0.690062,1.757746,22.990761
13.1,88.116152,1.214766,0.690062,1.757746,23.083323
13.15,88.116152,1.224595,0.690062,1.757746,23.175884
13.2,88.116152,1.234446,0.690062,1.757746,23.268445
13.25,88.116152,1.244316,0.690062,1.757746,23.361006
13.3,88.116152,1.254205,0.690062,1.757746,23.453568
13.35,88.116152,1.264115,0.690062,1.757746,23.546129
13.4,88.116152,1.274043,0.690062,1.757746,23.63869
13.45,88.116152,1.283991,0.690062,1.757746,23.731251
13.5,88.116152,1.293958,0.690062,1.757746,23.823813
13.55,88.116152,1.303906,0.690062,1.600213,24.001876
13.6,88.116152,1.313861,0.690062,1.600213,24.094437
13.65,88.116152,1.323834,0.690062,1.600213,24.186998
13.7,88.116152,1.333827,0.690062,1.600213,24.279559
13.75,88.116152,1.343836,0.690062,1.600213,24.372121
13.8,88.116152,1.353865,0.690062,1.600213,24.464682
13.85,88.116152,1.36391,0.690062,1.600213,24.557243
13.9,88.116152,1.373974,0.690062,1.600213,24.649804
13.95,88.116152,1.384055,0.690062,1.600213,24.742366
14,88.116152,1.394153,0.690062,1.600213,24.834927
14.05,88.116152,1.404269,0.690062,1.600213,24.927488
14.1,88.116152,1.414401,0.690062,1.600213,25.02005
14.15,88.116152,1.424551,0.690062,1.600213,25.112611
14.2,88.116152,1.434717,0.690062,1.600213,25.205172
14.25,88.116152,1.444899,0.690062,1.600213,25.297733
14.3,88.116152,1.454868,0.690062,1.757746,25.304793
14.35,88.116152,1.46512,0.690062,1.757746,25.397354
14.4,88.116152,1.47518,0.772085,1.600213,25.550015
14.45,88.116152,1.485435,0.772085,1.600213,25.642577
14.5,88.116152,1.495034,0.690062,1.600213,25.76054
14.55,88.116152,1.505301,0.690062,1.600213,25.853101
14.6,88.116152,1.515583,0.690062,1.600213,25.945662
14.65,88.116152,1.525857,0.690062,1.442679,26.123726
14.7,88.116152,1.536119,0.690062,1.442679,26.216287
14.75,88.116152,1.546396,0.690062,1.442679,26.308848
14.8,88.116152,1.556688,0.690062,1.442679,26.401409
14.85,88.116152,1.566995,0.690062,1.442679,26.493971
14.9,88.116152,1.577317,0.690062,1.442679,26.586532
14.95,88.116152,1.587653,0.690062,1.442679,26.679093
15,88.116152,1.598003,0.690062,1.442679,26.771655
15.05,88.116152,1.608368,0.690062,1.442679,26.864216
15.1,88.116152,1.618747,0.690062,1.442679,26.956777
15.15,88.116152,1.629139,0.690062,1.442679,27.049338
15.2,88.116152,1.639546,0.690062,1.442679,27.1419
15.25,88.116152,1.649967,0.690062,1.442679,27.234461
15.3,88.116152,1.660401,0.690062,1.442679,27.327022
15.35,88.116152,1.670277,0.690062,1.442679,27.419583
15.4,88.116152,1.680734,0.690062,1.442679,27.512145
15.45,88.116152,1.691784,0.690062,1.442679,27.604706
15.5,88.116152,1.701688,0.690062,1.442679,27.697267
15.55,88.116152,1.712185,0.690062,1.442679,27.789828
15.6,88.116152,1.722694,0.690062,1.442679,27.88239
15.65,88.116152,1.733221,0.690062,1.285146,28.060453
15.7,88.116152,1.743705,0.690062,1.285146,28.153014
15.75,88.116152,1.754201,0.690062,1.285146,28.245575
15.8,88.116152,1.764709,0.690062,1.285146,28.338136
15.85,88.116152,1.77523,0.690062,1.285146,28.430698
15.9,88.116152,1.785763,0.690062,1.285146,28.523259
15.95,88.116152,1.796308,0.690062,1.285146,28.61582
16,88.116152,1.806865,0.690062,1.285146,28.708381
16.05,88.116152,1.817434,0.690062,1.285146,28.800943
16.1,88.116152,1.828015,0.690062,1.285146,28.893504
16.15,88.116152,1.838607,0.690062,1.285146,28.986065
16.2,88.116152,1.849211,0.690062,1.285146,29.078627
16.25,88.116152,1.859826,0.690062,1.285146,29.171188
16.3,88.116152,1.870408,0.608039,1.285146,29.289151
16.35,88.116152,1.881025,0.608039,1.285146,29.381712
16.4,88.116152,1.891653,0.608039,1.285146,29.474273
16.45,88.116152,1.902291,0.608039,1.285146,29.566835
16.5,88.116152,1.912926,0.608039,1.285146,29.659396
16.55,88.116152,1.923586,0.608039,1.285146,29.751957
16.6,88.116152,1.934257,0.608039,1.285146,29.844518
16.65,88.116152,1.944938,0.608039,1.285146,29.93708
16.7,88.116152,1.95563,0.608039,1.285146,30.029641
16.75,88.116152,1.966333,0.608039,1.285146,30.122202
16.8,88.116152,1.977046,0.608039,1.285146,30.214763
16.85,88.116152,1.987709,0.608039,1.127613,30.392826
16.9,88.116152,1.998398,0.608039,1.127613,30.485388
16.95,88.116152,2.00909,0.608039,1.127613,30.577949
17,88.116152,2.019791,0.608039,1.127613,30.67051
17.05,88.116152,2.030503,0.608039,1.127613,30.763071
17.1,88.116152,2.041223,0.608039,1.127613,30.855633
17.15,88.116152,2.051955,0.608039,1.127613,30.948194
17.2,88.116152,2.062695,0.608039,1.127613,31.040755
17.25,88.116152,2.073445,0.608039,1.127613,31.133316
17.3,88.116152,2.084205,0.608039,1.127613,31.225878
17.35,88.116152,2.094965,0.608039,1.127613,31.318439
17.4,88.116152,2.105743,0.608039,1.127613,31.411
17.45,88.116152,2.116531,0.608039,1.127613,31.503562
17.5,88.116152,2.127328,0.608039,1.127613,31.596123
17.55,88.116152,2.138133,0.608039,1.127613,31.688684
17.6,88.116152,2.14894,0.608039,1.127613,31.781245
17.65,88.116152,2.159763,0.608039,1.127613,31.873807
17.7,88.116152,2.170605,0.608039,1.127613,31.966368
17.75,88.116152,2.181446,0.608039,1.127613,32.058929
17.8,88.116152,2.192295,0.608039,1.127613,32.15149
17.85,88.116152,2.203122,0.608039,0.97008,32.329553
17.9,88.116152,2.213937,0.608039,0.97008,32.422115
17.95,88.116152,2.22476,0.608039,0.97008,32.514676
18,88.116152,2.235592,0.608039,0.97008,32.607237
18.05,88.116152,2.246432,0.608039,0.97008,32.699798
18.1,88.116152,2.25728,0.608039,0.97008,32.79236
18.15,88.116152,2.268136,0.608039,0.97008,32.884921
18.2,88.116152,2.279,0.608039,0.97008,32.977482
18.25,88.116152,2.289872,0.608039,0.97008,33.070043
18.3,88.116152,2.300752,0.608039,0.97008,33.162605
18.35,88.116152,2.311639,0.608039,0.97008,33.255166
18.4,88.116152,2.322535,0.608039,0.97008,33.347727
18.45,88.116152,2.333438,0.608039,0.97008,33.440288
18.5,88.116152,2.344349,0.608039,0.97008,33.53285
18.55,88.116152,2.355267,0.608039,0.97008,33.625411
18.6,88.116152,2.366193,0.608039,0.97008,33.717972
18.65,88.116152,2.377126,0.608039,0.97008,33.810534
18.7,88.116152,2.388066,0.608039,0.97008,33.903095
18.75,88.116152,2.399013,0.608039,0.97008,33.995656
18.8,88.116152,2.409968,0.608039,0.97008,34.088217
18.85,88.116152,2.42226,0.608039,0.812547,34.26628
18.9,88.116152,2.433186,0.608039,0.812547,34.358842
18.95,88.116152,2.44412,0.608039,0.812547,34.451403
19,88.116152,2.455061,0.608039,0.812547,34.543964
19.05,88.116152,2.466008,0.608039,0.812547,34.636525
19.1,88.116152,2.476962,0.608039,0.812547,34.729087
19.15,88.116152,2.487924,0.608039,0.812547,34.821648
19.2,88.116152,2.498891,0.608039,0.812547,34.914209
19.25,88.116152,2.509866,0.608039,0.812547,35.00677
19.3,88.116152,2.520847,0.608039,0.812547,35.099332
19.35,88.116152,2.531834,0.608039,0.812547,35.191893
19.4,88.116152,2.542828,0.608039,0.812547,35.284454
19.45,88.116152,2.553828,0.608039,0.812547,35.377015
19.5,88.116152,2.564835,0.608039,0.812547,35.469577
19.55,88.116152,2.575847,0.608039,0.812547,35.562138
19.6,88.116152,2.586866,0.608039,0.812547,35.654699
19.65,88.116152,2.597891,0.608039,0.812547,35.747261
19.7,88.116152,2.608938,0.526016,0.812547,35.865224
19.75,88.116152,2.619953,0.526016,0.812547,35.957785
19.8,88.116152,2.630974,0.526016,0.812547,36.050346
19.85,88.116152,2.641989,0.608039,0.655014,36.203007
19.9,88.116152,2.652992,0.608039,0.655014,36.295568
19.95,88.116152,2.664001,0.608039,0.655014,36.38813
20,88.116152,2.675016,0.608039,0.655014,36.480691
20.05,88.116152,2.686036,0.608039,0.655014,36.573252
20.1,88.116152,2.697028,0.526016,0.655014,36.691215
20.15,88.116152,2.708038,0.526016,0.655014,36.783777
20.2,88.116152,2.719053,0.526016,0.655014,36.876338
20.25,88.116152,2.730073,0.526016,0.655014,36.968899
20.3,88.116152,2.7411,0.526016,0.655014,37.06146
20.35,88.116152,2.752131,0.526016,0.655014,37.154022
20.4,88.116152,2.763168,0.526016,0.655014,37.246583
20.45,88.116152,2.774209,0.526016,0.655014,37.339144
20.5,88.116152,2.785256,0.526016,0.655014,37.431705
20.55,88.116152,2.796308,0.526016,0.655014,37.524267
20.6,88.116152,2.807366,0.526016,0.655014,37.616828
20.65,88.116152,2.818428,0.526016,0.655014,37.709389
20.7,88.116152,2.829495,0.526016,0.655014,37.80195
20.75,88.116152,2.840566,0.526016,0.655014,37.894512
20.8,88.116152,2.851643,0.526016,0.655014,37.987073
20.85,88.116152,2.862763,0.526016,0.497481,38.165136
20.9,88.116152,2.873798,0.526016,0.497481,38.257697
20.95,88.116152,2.884838,0.526016,0.497481,38.350258
21,88.116152,2.895882,0.526016,0.497481,38.44282
21.05,88.116152,2.906931,0.526016,0.497481,38.535381
21.1,88.116152,2.917984,0.526016,0.497481,38.627942
21.15,88.116152,2.929042,0.526016,0.497481,38.720504
21.2,88.116152,2.940104,0.526016,0.497481,38.813065
21.25,88.116152,2.951171,0.526016,0.497481,38.905626
21.3,88.116152,2.962242,0.526016,0.497481,38.998187
21.35,88.116152,2.973317,0.526016,0.497481,39.090749
21.4,88.116152,2.984397,0.526016,0.497481,39.18331
21.45,88.116152,2.995481,0.526016,0.497481,39.275871
21.5,88.116152,3.006569,0.526016,0.497481,39.368432
21.55,88.116152,3.017661,0.526016,0.497481,39.460994
21.6,88.116152,3.028757,0.526016,0.497481,39.553555
21.65,88.116152,3.039857,0.526016,0.497481,39.646116
21.7,88.116152,3.050961,0.526016,0.497481,39.738677
21.75,88.116152,3.062069,0.526016,0.497481,39.831239
21.8,88.116152,3.07318,0.526016,0.497481,39.9238
21.85,88.116152,3.084296,0.526016,0.497481,40.016361
21.9,88.116152,3.095415,0.526016,0.497481,40.108922
21.95,88.116152,3.106538,0.526016,0.497481,40.201484
22,88.116152,3.117523,0.526016,0.339948,40.379547
22.05,88.116152,3.128603,0.526016,0.339948,40.472108
22.1,88.116152,3.139686,0.526016,0.339948,40.564669
22.15,88.116152,3.150773,0.526016,0.339948,40.65723
22.2,88.116152,3.161863,0.526016,0.339948,40.749792
22.25,88.116152,3.172957,0.526016,0.339948,40.842353
22.3,88.116152,3.184054,0.526016,0.339948,40.934914
22.35,88.116152,3.195154,0.526016,0.339948,41.027476
22.4,88.116152,3.206258,0.526016,0.339948,41.120037
22.45,88.116152,3.217366,0.526016,0.339948,41.212598
22.5,88.116152,3.228476,0.526016,0.339948,41.305159
22.55,88.116152,3.239589,0.526016,0.339948,41.397721
22.6,88.116152,3.250706,0.526016,0.339948,41.490282
22.65,88.116152,3.261826,0.526016,0.339948,41.582843
22.7,88.116152,3.272949,0.526016,0.339948,41.675404
22.75,88.116152,3.284075,0.526016,0.339948,41.767966
22.8,88.116152,3.295204,0.526016,0.339948,41.860527
22.85,88.116152,3.30632,0.526016,0.182415,42.03859
22.9,88.116152,3.317404,0.526016,0.182415,42.131151
22.95,88.116152,3.328492,0.526016,0.182415,42.223712
23,88.116152,3.339582,0.526016,0.182415,42.316274
23.05,88.116152,3.350675,0.526016,0.182415,42.408835
23.1,88.116152,3.361771,0.526016,0.182415,42.501396
23.15,88.116152,3.372869,0.526016,0.182415,42.593957
23.2,88.116152,3.38397,0.526016,0.182415,42.686519
23.25,88.116152,3.395074,0.526016,0.182415,42.77908
23.3,88.116152,3.406181,0.526016,0.182415,42.871641
23.35,88.116152,3.41729,0.526016,0.182415,42.964202
23.4,88.116152,3.428402,0.526016,0.182415,43.056764
23.45,88.116152,3.439516,0.526016,0.182415,43.149325
23.5,88.116152,3.450632,0.526016,0.182415,43.241886
23.55,88.116152,3.461751,0.526016,0.182415,43.334448
23.6,88.116152,3.472839,0.443993,0.182415,43.452411
23.65,88.116152,3.483942,0.443993,0.182415,43.544972
23.7,88.116152,3.495046,0.443993,0.182415,43.637533
23.75,88.116152,3.506153,0.443993,0.182415,43.730094
23.8,88.116152,3.517262,0.443993,0.182415,43.822656
23.85,88.116152,3.528512,0.526016,0.182415,43.889815
23.9,88.116152,3.539646,0.526016,0.182415,43.982376
23.95,88.116152,3.550783,0.526016,0.182415,44.074938
24,88.116152,3.561179,0.443993,0.024882,44.278402
24.05,88.116152,3.57225,0.443993,0.024882,44.370964
24.1,88.116152,3.583805,0.443993,0.024882,44.463525
24.15,88.116152,3.594878,0.443993,0.024882,44.556086
24.2,88.116152,3.605954,0.443993,0.024882,44.648647
24.25,88.116152,3.617031,0.443993,0.024882,44.741209
24.3,88.116152,3.62811,0.443993,0.024882,44.83377
24.35,88.116152,3.639192,0.443993,0.024882,44.926331
24.4,88.116152,3.650275,0.443993,0.024882,45.018892
24.45,88.116152,3.66136,0.443993,0.024882,45.111454
24.5,88.116152,3.672751,0.443993,-0.110146,45.277302
24.55,88.116152,3.683796,0.443993,-0.110146,45.369863
24.6,88.116152,3.695445,0.443993,0.20492,45.291421
24.65,88.116152,3.706592,0.443993,0.20492,45.383983
24.7,88.116152,3.716503,0.526016,0.069891,45.524429
24.75,88.116152,3.727598,0.526016,0.069891,45.616991
24.8,88.116152,3.73928,0.526016,-0.065137,45.782839
24.85,88.116152,3.751207,0.373688,-0.200165,45.995862
24.9,88.116152,3.762165,0.373688,0.24993,45.844132
24.95,88.116152,3.773223,0.373688,-0.200165,46.180984
25,88.116152,3.784271,0.373688,0.114901,46.102542
25.05,88.116152,3.795383,0.373688,0.114901,46.195103
25.1,88.116152,3.805459,0.455711,-0.020127,46.33555
25.15,88.116152,3.816553,0.455711,-0.020127,46.428111
25.2,88.116152,3.827577,0.455711,-0.155155,46.59396
25.25,88.116152,3.838631,0.455711,-0.155155,46.686521
25.3,88.116152,3.84771,0.443993,-0.132651,46.770497
25.35,88.116152,3.860026,0.537734,0.024882,46.748526
25.4,88.116152,3.871149,0.537734,0.024882,46.841087
25.45,88.116152,3.882272,0.537734,0.024882,46.933648
25.5,88.116152,3.892355,0.385405,-0.110146,47.146671
25.55,88.116152,3.903404,0.385405,-0.110146,47.239233
25.6,88.116152,3.91542,0.373688,-0.087642,47.323208
25.65,88.116152,3.926473,0.373688,-0.087642,47.41577
25.7,88.116152,3.937157,0.455711,-0.22267,47.556216
25.75,88.116152,3.948191,0.455711,-0.22267,47.648778
25.8,88.116152,3.959747,0.455711,-0.357698,47.814626
25.85,88.116152,3.971647,0.537734,-0.042632,47.710782
25.9,88.116152,3.98276,0.537734,-0.042632,47.803343
25.95,88.116152,3.993873,0.537734,-0.042632,47.895905
26,88.116152,4.004288,0.537734,-0.177661,48.061753
26.05,88.116152,4.015361,0.537734,-0.177661,48.154314
26.1,88.116152,4.025839,0.373688,-0.312689,48.370966
26.15,88.116152,4.03683,0.373688,-0.312689,48.463528
26.2,88.116152,4.048466,0.385405,-0.447716,48.625747
26.25,88.116152,4.059419,0.385405,-0.447716,48.718308
26.3,88.116152,4.070015,0.467428,-0.13265,48.614464
26.35,88.116152,4.081139,0.455711,-0.110146,48.69844
26.4,88.116152,4.092216,0.455711,-0.110146,48.791001
26.45,88.116152,4.103292,0.455711,-0.110146,48.883562
26.5,88.116152,4.114858,0.3151,-0.402707,49.178458
26.55,88.116152,4.125809,0.3151,-0.402707,49.27102
26.6,88.116152,4.136705,0.537734,-0.380203,49.282419
26.65,88.116152,4.147719,0.537734,-0.380203,49.37498
26.7,88.116152,4.157853,0.385405,-0.22267,49.429214
26.75,88.116152,4.168878,0.385405,-0.22267,49.521776
26.8,88.116152,4.179681,0.385405,-0.357698,49.687624
26.85,88.116152,4.190819,0.467428,-0.335193,49.742569
26.9,88.116152,4.201831,0.467428,-0.335193,49.83513
26.95,88.116152,4.212843,0.467428,-0.335193,49.927692
27,88.116152,4.223809,0.455711,-0.312689,50.011667
27.05,88.116152,4.234825,0.455711,-0.312689,50.104229
27.1,88.116152,4.246092,0.3151,-0.155156,50.154834
27.15,88.116152,4.264617,0.3151,0.294939,50.003105
27.2,88.116152,4.276453,0.303382,0.317443,50.087081
27.25,88.116152,4.287616,0.303382,0.317443,50.179642
27.3,88.116152,4.303551,0.397123,0.474976,50.157671
27.35,88.116152,4.334462,0.373688,0.947575,50.000985
27.4,88.116152,4.372334,0.373688,1.39767,49.849256
27.45,88.116152,4.357168,0.373688,0.947575,50.186107
27.5,88.116152,4.377195,0.233077,1.105109,50.236712
27.55,88.116152,4.417275,0.233077,1.555204,50.084983
27.6,88.116152,4.430451,0.221359,1.577708,50.168959
27.65,88.116152,4.441922,0.221359,1.577708,50.26152
27.7,88.116152,4.479255,0.3151,1.892774,50.154048
27.75,88.116152,4.490824,0.3151,1.892774,50.246609
27.8,88.116152,4.53076,0.303382,2.20784,50.171796
27.85,88.116152,4.590419,0.291665,2.680439,50.011481
27.9,88.116152,4.602155,0.291665,2.680439,50.104042
27.95,88.116152,4.666862,0.057313,3.130534,50.02489
28,88.116152,4.698509,0.151054,3.288067,50.002919
28.05,88.116152,4.655156,0.151054,2.837972,50.33977
28.1,88.116152,4.705382,0.233077,3.153038,50.235926
28.15,88.116152,4.717192,0.233077,3.153038,50.328488
28.2,88.116152,4.770458,0.233077,3.468104,50.250046
28.25,88.116152,4.782327,0.233077,3.468104,50.342607
28.3,88.116152,4.83761,0.080748,3.78317,50.31134
28.35,88.116152,4.921064,0.069031,4.255769,50.151025
28.4,88.116152,4.93303,0.069031,4.255769,50.243586
28.45,88.116152,4.944993,0.069031,4.255769,50.336148
28.5,88.116152,5.034878,0.057313,4.728368,50.175833
28.55,88.116152,5.046914,0.057313,4.728368,50.268394
28.6,88.116152,5.167567,-0.083298,5.335996,50.074709
28.65,88.116152,5.179685,-0.083298,5.335996,50.16727
28.7,88.116152,5.166215,-0.001275,5.200967,50.307717
28.75,88.116152,5.178312,-0.001275,5.200967,50.400278
28.8,88.116152,5.279826,-0.001275,5.673567,50.236334
28.85,88.116152,5.38717,-0.02471,6.146166,50.079648
28.9,88.116152,5.495253,-0.02471,6.596261,49.927919
28.95,88.116152,5.50752,-0.02471,6.596261,50.02048
29,88.116152,5.456999,-0.165321,6.303699,50.315376
29.05,88.116152,5.469189,-0.165321,6.303699,50.407938
29.1,88.116152,5.683871,-0.177038,7.226393,50.003332
29.15,88.116152,5.696164,-0.177038,7.226393,50.095894
29.2,88.116152,5.74563,-0.083298,7.383926,50.073923
29.25,88.116152,5.757961,-0.083298,7.383926,50.166484
29.3,88.116152,5.73966,-0.235626,7.248897,50.379507
29.35,88.116152,5.824324,-0.235626,7.563963,50.301065
29.4,88.116152,5.836629,-0.235626,7.563963,50.393626
29.45,88.116152,5.84893,-0.235626,7.563963,50.486188
29.5,88.116152,6.126497,-0.259061,8.64419,49.99971
29.55,88.116152,6.1389,-0.259061,8.64419,50.092271
29.6,88.116152,6.077343,-0.165321,8.351628,50.31459
29.65,88.116152,6.089738,-0.165321,8.351628,50.407152
29.7,88.116152,6.222364,-0.177038,8.824227,50.246837
29.75,88.116152,6.234792,-0.177038,8.824227,50.339398
29.8,88.116152,6.288373,-0.317649,8.98176,50.390004
29.85,88.116152,6.425461,-0.329367,9.454359,50.229689
29.9,88.116152,6.437901,-0.329367,9.454359,50.32225
29.95,88.116152,6.450338,-0.329367,9.454359,50.414811
30,88.116152,6.505394,-0.235626,9.611892,50.39284
30.05,88.116152,6.51786,-0.235626,9.611892,50.485402
30.1,88.116152,6.703263,-0.259061,10.242025,50.243214
30.15,88.116152,6.715772,-0.259061,10.242025,50.335775
30.2,88.116152,6.77235,-0.399672,10.399558,50.38638
30.25,88.116152,6.784823,-0.399672,10.399558,50.478942
30.3,88.116152,6.931181,-0.41139,10.872157,50.318627
30.35,88.116152,6.989048,-0.317649,11.02969,50.296656
30.4,88.116152,7.001578,-0.317649,11.02969,50.389217
30.45,88.116152,7.0141,-0.317649,11.02969,50.481778
30.5,88.116152,7.164361,-0.329367,11.502289,50.321464
30.55,88.116152,7.176913,-0.329367,11.502289,50.414025
30.6,88.116152,7.322288,-0.376237,11.952384,50.276811
30.65,88.116152,7.334856,-0.376237,11.952384,50.369372
30.7,88.116152,7.348094,-0.50513,11.952384,50.501851
30.75,88.116152,7.360613,-0.50513,11.952384,50.594412
30.8,88.116152,7.373023,-0.399672,11.952384,50.654314
30.85,88.116152,7.366398,-1.618299,11.502289,51.368563
30.9,88.116152,7.378516,-1.618299,11.502289,51.461124
30.95,88.116152,7.390631,-1.618299,11.502289,51.553686
31,88.116152,7.318892,-1.044138,11.502289,51.468435
31.05,88.116152,7.331196,-1.044138,11.502289,51.560996
31.1,88.116152,7.314152,-0.469977,11.502289,51.475745
31.15,88.116152,7.32662,-0.469977,11.502289,51.568306
31.2,88.116152,7.360809,0.104184,11.502289,51.483055
31.25,88.116152,7.37342,0.104184,11.502289,51.575616
31.3,88.116152,7.469901,0.760368,11.502289,51.464963
31.35,88.116152,7.602272,1.334528,11.502289,51.379712
31.4,88.116152,7.615133,1.334528,11.502289,51.472274
31.45,88.116152,7.627989,1.334528,11.502289,51.564835
31.5,88.116152,7.799443,1.908689,11.502289,51.479584
31.55,88.116152,7.812387,1.908689,11.502289,51.572145
31.6,88.116152,8.049635,2.564873,11.502289,51.461492
31.65,88.116152,8.062635,2.564873,11.502289,51.554053
31.7,88.116152,8.304072,3.139034,11.502289,51.468802
31.75,88.116152,8.317123,3.139034,11.502289,51.561363
31.8,88.116152,8.585112,3.713195,11.502289,51.476112
31.85,88.116152,8.876193,4.287356,11.502289,51.390861
31.9,88.116152,8.889322,4.287356,11.502289,51.483422
31.95,88.116152,8.902446,4.287356,11.502289,51.575984
32,88.116152,9.257561,4.94354,11.502289,51.465331
32.05,88.116152,9.270712,4.94354,11.502289,51.557892
32.1,88.116152,9.601203,5.517701,11.502289,51.472641
32.15,88.116152,9.614369,5.517701,11.502289,51.565202
32.2,88.116152,9.627527,5.517701,11.502289,51.657763
32.25,88.116152,9.64069,5.517701,11.502289,51.750325
32.3,88.116152,9.653843,5.517701,11.502289,51.842886
32.35,88.116152,9.666989,5.517701,11.502289,51.935447
32.4,88.116152,9.680128,5.517701,11.502289,52.028009
32.45,88.116152,9.693267,5.517701,11.502289,52.12057
32.5,88.116152,9.706401,5.517701,11.502289,52.213131
32.55,88.116152,9.719535,5.517701,11.502289,52.305692
32.6,88.116152,9.732674,5.517701,11.502289,52.398254
32.65,88.116152,9.745836,5.517701,11.502289,52.490815
32.7,88.116152,9.759034,5.517701,11.502289,52.583376
32.75,88.116152,9.772269,5.517701,11.502289,52.675937
32.8,88.116152,9.785358,5.517701,11.502289,52.768499
32.85,88.116152,9.798293,5.517701,11.502289,52.86106
32.9,88.116152,9.811269,5.517701,11.502289,52.953621
32.95,88.116152,9.824295,5.517701,11.502289,53.046182
33,88.116152,9.837339,5.517701,11.502289,53.138744
33.05,88.116152,9.850388,5.517701,11.502289,53.231305
33.1,88.116152,9.863435,5.517701,11.502289,53.323866
33.15,88.116152,9.87648,5.517701,11.502289,53.416428
33.2,88.116152,9.889514,5.517701,11.502289,53.508989
33.25,88.116152,9.902554,5.517701,11.502289,53.60155
33.3,88.116152,9.915588,5.517701,11.502289,53.694111
33.35,88.116152,9.928612,5.517701,11.502289,53.786673
33.4,88.116152,9.941629,5.517701,11.502289,53.879234
33.45,88.116152,9.95464,5.517701,11.502289,53.971795
33.5,88.116152,9.967646,5.517701,11.502289,54.064356
33.55,88.116152,9.980645,5.517701,11.502289,54.156918
33.6,88.116152,9.993637,5.517701,11.502289,54.249479
33.65,88.116152,10.00662,5.517701,11.502289,54.34204
33.7,88.116152,10.019608,5.517701,11.502289,54.434601
33.75,88.116152,10.032583,5.517701,11.502289,54.527163
33.8,88.116152,10.045552,5.517701,11.502289,54.619724
33.85,88.116152,10.058514,5.517701,11.502289,54.712285
33.9,88.116152,10.071471,5.517701,11.502289,54.804846
33.95,88.116152,10.08442,5.517701,11.502289,54.897408
34,88.116152,10.097372,5.517701,11.502289,54.989969
34.05,88.116152,10.110302,5.517701,11.502289,55.08253
34.1,88.116152,10.123224,5.517701,11.502289,55.175092
34.15,88.116152,10.136153,5.517701,11.502289,55.267653
34.2,88.116152,10.149068,5.517701,11.502289,55.360214
34.25,88.116152,10.161972,5.517701,11.502289,55.452775
34.3,88.116152,10.174883,5.517701,11.502289,55.545337
34.35,88.116152,10.187781,5.517701,11.502289,55.637898
34.4,88.116152,10.200674,5.517701,11.502289,55.730459
34.45,88.116152,10.213543,5.517701,11.502289,55.82302
34.5,88.116152,10.226432,5.517701,11.502289,55.915582
34.55,88.116152,10.23931,5.517701,11.502289,56.008143
34.6,88.116152,10.25218,5.517701,11.502289,56.100704
34.65,88.116152,10.265036,5.517701,11.502289,56.193265
34.7,88.116152,10.277882,5.517701,11.502289,56.285827
34.75,88.116152,10.290716,5.517701,11.502289,56.378388
34.8,88.116152,10.304572,5.517701,11.502289,56.470949
34.85,88.116152,10.317427,5.517701,11.502289,56.563511
34.9,88.116152,10.330276,5.517701,11.502289,56.656072
34.95,88.116152,10.343119,5.517701,11.502289,56.748633
35,88.116152,10.355956,5.517701,11.502289,56.841194
35.05,88.116152,10.368786,5.517701,11.502289,56.933756
35.1,88.116152,10.381611,5.517701,11.502289,57.026317
35.15,88.116152,10.394429,5.517701,11.502289,57.118878
35.2,88.116152,10.407242,5.517701,11.502289,57.211439
35.25,88.116152,10.420048,5.517701,11.502289,57.304001
35.3,88.116152,10.432848,5.517701,11.502289,57.396562
35.35,88.116152,10.445642,5.517701,11.502289,57.489123
35.4,88.116152,10.45843,5.517701,11.502289,57.581684
35.45,88.116152,10.471211,5.517701,11.502289,57.674246
35.5,88.116152,10.483987,5.517701,11.502289,57.766807
35.55,88.116152,10.496756,5.517701,11.502289,57.859368
35.6,88.116152,10.509519,5.517701,11.502289,57.95193
35.65,88.116152,10.522011,5.517701,11.502289,58.044491
35.7,88.116152,10.534757,5.517701,11.502289,58.137052
35.75,88.116152,10.547498,5.517701,11.502289,58.229613
35.8,88.116152,10.560232,5.517701,11.502289,58.322175
35.85,88.116152,10.572959,5.517701,11.502289,58.414736
35.9,88.116152,10.585678,5.517701,11.502289,58.507297
35.95,88.116152,10.59838,5.517701,11.502289,58.599858
36,88.116152,10.611064,5.517701,11.502289,58.69242
36.05,88.116152,10.623725,5.517701,11.502289,58.784981
36.1,88.116152,10.636422,5.517701,11.502289,58.877542
36.15,88.116152,10.649112,5.517701,11.502289,58.970103
36.2,88.116152,10.661796,5.517701,11.502289,59.062665
36.25,88.116152,10.674475,5.517701,11.502289,59.155226
36.3,88.116152,10.687147,5.517701,11.502289,59.247787
36.35,88.116152,10.699813,5.517701,11.502289,59.340349
36.4,88.116152,10.71247,5.517701,11.502289,59.43291
36.45,88.116152,10.725123,5.517701,11.502289,59.525471
36.5,88.116152,10.737765,5.517701,11.502289,59.618032
36.55,88.116152,10.750415,5.517701,11.502289,59.710594
36.6,88.116152,10.763052,5.517701,11.502289,59.803155
36.65,88.116152,10.7757,5.517701,11.502289,59.895716
36.7,88.116152,10.788339,5.517701,11.502289,59.988277
36.75,88.116152,10.800975,5.517701,11.502289,60.080839
36.8,88.116152,10.813611,5.517701,11.502289,60.1734
36.85,88.116152,10.826252,5.517701,11.502289,60.265961
36.9,88.116152,10.839148,5.517701,11.502289,60.358522
36.95,88.116152,10.85174,5.517701,11.502289,60.451084
37,88.116152,10.864017,5.517701,11.502289,60.543645
37.05,88.116152,10.876599,5.517701,11.502289,60.636206
37.1,88.116152,10.889083,5.517701,11.502289,60.728768
37.15,88.116152,10.901486,5.517701,11.502289,60.821329
37.2,88.116152,10.913705,5.517701,11.502289,60.91389
37.25,88.116152,10.926559,5.517701,11.502289,61.006451
37.3,88.116152,10.939703,5.517701,11.502289,61.099013
37.35,88.116152,10.952243,5.517701,11.502289,61.191574
37.4,88.116152,10.964776,5.517701,11.502289,61.284135
37.45,88.116152,10.977304,5.517701,11.502289,61.376696
37.5,88.116152,10.988852,5.517701,11.502289,61.469258
37.55,88.116152,11.002338,5.517701,11.502289,61.561819
37.6,88.116152,11.014395,5.517701,11.502289,61.65438
37.65,88.116152,11.027787,5.517701,11.502289,61.746941
37.7,88.116152,11.039841,5.517701,11.502289,61.839503
37.75,88.116152,11.051882,5.517701,11.502289,61.932064
37.8,88.116152,11.064384,5.517701,11.502289,62.024625
37.85,88.116152,11.077078,5.517701,11.502289,62.117187
37.9,88.116152,11.089753,5.517701,11.502289,62.209748
37.95,88.116152,11.101477,5.517701,11.502289,62.302309
38,88.116152,11.11467,5.517701,11.502289,62.39487
38.05,88.116152,11.127118,5.517701,11.502289,62.487432
38.1,88.116152,11.13956,5.517701,11.502289,62.579993
38.15,88.116152,11.151995,5.517701,11.502289,62.672554
38.2,88.116152,11.164424,5.517701,11.502289,62.765115
38.25,88.116152,11.176846,5.517701,11.502289,62.857677
38.3,88.116152,11.188318,5.517701,11.502289,62.950238
38.35,88.116152,11.20167,5.517701,11.502289,63.042799
38.4,88.116152,11.214072,5.517701,11.502289,63.13536
38.45,88.116152,11.226467,5.517701,11.502289,63.227922
38.5,88.116152,11.238856,5.517701,11.502289,63.320483
38.55,88.116152,11.251238,5.517701,11.502289,63.413044
38.6,88.116152,11.263614,5.517701,11.502289,63.505605
38.65,88.116152,11.275983,5.517701,11.502289,63.598167
38.7,88.116152,11.288345,5.517701,11.502289,63.690728
38.75,88.116152,11.300701,5.517701,11.502289,63.783289
38.8,88.116152,11.31305,5.517701,11.502289,63.875851
38.85,88.116152,11.325392,5.517701,11.502289,63.968412
38.9,88.116152,11.337728,5.517701,11.502289,64.060973
38.95,88.116152,11.350057,5.517701,11.502289,64.153534
39,88.116152,11.361528,5.517701,11.502289,64.246096
39.05,88.116152,11.374694,5.517701,11.502289,64.338657
39.1,88.116152,11.387003,5.517701,11.502289,64.431218
39.15,88.116152,11.399305,5.517701,11.502289,64.523779
39.2,88.116152,11.411601,5.517701,11.502289,64.616341
39.25,88.116152,11.42389,5.517701,11.502289,64.708902
39.3,88.116152,11.436172,5.517701,11.502289,64.801463
39.35,88.116152,11.448447,5.517701,11.502289,64.894024
39.4,88.116152,11.460715,5.517701,11.502289,64.986586
39.45,88.116152,11.472977,5.517701,11.502289,65.079147
39.5,88.116152,11.485233,5.517701,11.502289,65.171708
39.55,88.116152,11.497481,5.517701,11.502289,65.26427
39.6,88.116152,11.509723,5.517701,11.502289,65.356831
39.65,88.116152,11.521958,5.517701,11.502289,65.449392
39.7,88.116152,11.534186,5.517701,11.502289,65.541953
39.75,88.116152,11.681662,5.752052,11.502289,65.561938
39.8,88.116152,11.708398,5.517701,11.952384,65.482785
39.85,88.116152,11.7197,5.517701,11.952384,65.575347
39.9,88.116152,11.868289,5.752052,11.952384,65.595332
39.95,88.116152,11.896383,5.517701,12.402478,65.516179
40,88.116152,12.044219,5.752052,12.402478,65.536164
