0.000000,88.116152,0.190663,0.936131,2.702944,-1.756944
-0.100000,88.116152,0.203027,0.936131,2.702944,-1.942067
0.100000,88.116152,0.178693,0.936131,2.702944,-1.571822
-0.200000,88.116152,0.215786,0.936131,2.702944,-2.127189
0.200000,88.116152,0.167118,0.936131,2.702944,-1.386699
-0.300000,88.116152,0.228938,0.936131,2.702944,-2.312312
0.300000,88.116152,0.155939,0.936131,2.702944,-1.201576
-0.400000,88.116152,0.242483,0.936131,2.702944,-2.497434
0.400000,88.116152,0.145155,0.936131,2.702944,-1.016454
-0.500000,88.116152,0.256421,0.936131,2.702944,-2.682557
0.500000,88.116152,0.134766,0.936131,2.702944,-0.831331
-0.600000,88.116152,0.270749,0.936131,2.702944,-2.867679
0.600000,88.116152,0.124774,0.936131,2.702944,-0.646209
-0.700000,88.116152,0.285466,0.936131,2.702944,-3.052802
0.700000,88.116152,0.115191,0.854108,2.702944,-0.435685
-0.800000,88.116152,0.300574,0.936131,2.702944,-3.237924
0.800000,88.116152,0.105969,0.854108,2.702944,-0.250562
-0.900000,88.116152,0.316067,0.936131,2.702944,-3.423047
0.900000,88.116152,0.097141,0.854108,2.702944,-0.065439
-10.000000,88.116152,2.907479,1.100177,3.648142,-20.833011
10.000000,88.116152,0.649183,0.772085,2.072812,17.148119
-10.100000,88.116152,2.943437,1.100177,3.648142,-21.018133
10.100000,88.116152,0.665724,0.772085,2.072812,17.333242
-10.200000,88.116152,2.979399,1.100177,3.805675,-21.288757
10.200000,88.116152,0.682403,0.772085,2.072812,17.518364
-10.300000,88.116152,3.015370,1.100177,3.805675,-21.473880
10.300000,88.116152,0.699220,0.772085,2.072812,17.703487
-10.400000,88.116152,3.051418,1.100177,3.805675,-21.659002
10.400000,88.116152,0.716170,0.772085,2.072812,17.888609
-10.500000,88.116152,3.087539,1.100177,3.805675,-21.844125
10.500000,88.116152,0.733253,0.772085,2.072812,18.073732
-10.600000,88.116152,3.123735,1.100177,3.805675,-22.029247
10.600000,88.116152,0.750465,0.772085,2.072812,18.258854
-10.700000,88.116152,3.160001,1.100177,3.805675,-22.214370
10.700000,88.116152,0.767805,0.772085,2.072812,18.443977
-10.800000,88.116152,3.196338,1.100177,3.805675,-22.399493
10.800000,88.116152,0.785270,0.772085,2.072812,18.629100
-10.900000,88.116152,3.232742,1.100177,3.805675,-22.584615
10.900000,88.116152,0.802858,0.772085,2.072812,18.814222
-1.000000,88.116152,0.331947,0.936131,2.702944,-3.608169
1.000000,88.116152,0.088708,0.854108,2.702944,0.119683
-11.000000,88.116152,3.269199,1.100177,3.963208,-22.855239
11.000000,88.116152,0.820566,0.772085,2.072812,18.999345
-11.100000,88.116152,3.305648,1.182200,3.963208,-23.065764
11.100000,88.116152,0.838360,0.772085,1.915279,19.269969
-11.200000,88.116152,3.342036,1.182200,3.963208,-23.250886
11.200000,88.116152,0.856217,0.772085,1.915279,19.455091
-11.300000,88.116152,3.378485,1.182200,3.963208,-23.436009
11.300000,88.116152,0.874187,0.772085,1.915279,19.640214
-11.400000,88.116152,3.414994,1.182200,3.963208,-23.621131
11.400000,88.116152,0.892270,0.772085,1.915279,19.825336
-11.500000,88.116152,3.451165,1.182200,4.120741,-23.891755
11.500000,88.116152,0.910464,0.772085,1.915279,20.010459
-11.600000,88.116152,3.488188,1.182200,3.963208,-23.991376
11.600000,88.116152,0.928765,0.772085,1.915279,20.195581
-11.700000,88.116152,3.523835,1.182200,3.963208,-24.176499
11.700000,88.116152,0.947173,0.772085,1.915279,20.380704
-11.800000,88.116152,3.560570,1.182200,3.963208,-24.361621
11.800000,88.116152,0.965685,0.772085,1.915279,20.565826
-11.900000,88.116152,3.597320,1.182200,4.120741,-24.632245
11.900000,88.116152,0.984300,0.772085,1.915279,20.750949
-1.100000,88.116152,0.348210,0.936131,2.702944,-3.793292
1.100000,88.116152,0.080667,0.854108,2.702944,0.304806
-12.000000,88.116152,3.633991,1.182200,4.120741,-24.817368
12.000000,88.116152,1.003016,0.772085,1.915279,20.936072
-12.100000,88.116152,3.669740,1.182200,4.120741,-25.002491
12.100000,88.116152,1.021831,0.772085,1.915279,21.121194
-12.200000,88.116152,3.707483,1.182200,4.120741,-25.187613
12.200000,88.116152,1.040732,0.690062,1.915279,21.331718
-12.300000,88.116152,3.744302,1.182200,4.120741,-25.372736
12.300000,88.116152,1.059701,0.690062,1.915279,21.516841
-12.400000,88.116152,3.781824,1.264223,4.120741,-25.583260
12.400000,88.116152,1.078738,0.772085,1.757746,21.762063
-12.500000,88.116152,3.817189,1.182200,4.120741,-25.742981
12.500000,88.116152,1.097838,0.772085,1.757746,21.947186
-12.600000,88.116152,3.855032,1.182200,4.120741,-25.928103
12.600000,88.116152,1.116988,0.690062,1.757746,22.157710
-12.700000,88.116152,3.892013,1.182200,4.278274,-26.198727
12.700000,88.116152,1.136228,0.690062,1.757746,22.342833
-12.800000,88.116152,3.927990,1.182200,4.278274,-26.383850
12.800000,88.116152,1.155554,0.690062,1.757746,22.527955
-12.900000,88.116152,3.966151,1.182200,4.120741,-26.483471
12.900000,88.116152,1.174965,0.690062,1.757746,22.713078
-1.200000,88.116152,0.364856,0.936131,2.702944,-3.978414
1.200000,88.116152,0.073019,0.854108,2.702944,0.489928
-13.000000,88.116152,4.003040,1.182200,4.278274,-26.754095
13.000000,88.116152,1.194460,0.690062,1.757746,22.898200
-13.100000,88.116152,4.040053,1.182200,4.278274,-26.939217
13.100000,88.116152,1.214766,0.690062,1.757746,23.083323
-13.200000,88.116152,4.077103,1.182200,4.278274,-27.124340
13.200000,88.116152,1.234446,0.690062,1.757746,23.268445
-13.300000,88.116152,4.114188,1.182200,4.278274,-27.309463
13.300000,88.116152,1.254206,0.690062,1.757746,23.453568
-13.400000,88.116152,4.151309,1.182200,4.278274,-27.494585
13.400000,88.116152,1.274044,0.690062,1.757746,23.638690
-13.500000,88.116152,4.188433,1.182200,4.435807,-27.765209
13.500000,88.116152,1.293959,0.690062,1.757746,23.823813
-13.600000,88.116152,4.225469,1.182200,4.435807,-27.950332
13.600000,88.116152,1.313862,0.690062,1.600213,24.094437
-13.700000,88.116152,4.262861,1.182200,4.278274,-28.049953
13.700000,88.116152,1.333828,0.690062,1.600213,24.279560
-13.800000,88.116152,4.299637,1.182200,4.435807,-28.320577
13.800000,88.116152,1.353866,0.690062,1.600213,24.464682
-13.900000,88.116152,4.336767,1.182200,4.435807,-28.505699
13.900000,88.116152,1.373975,0.690062,1.600213,24.649805
-1.300000,88.116152,0.381883,0.936131,2.702944,-4.163537
1.300000,88.116152,0.066808,0.936131,2.702944,0.649649
-14.000000,88.116152,4.373829,1.264223,4.435807,-28.716224
14.000000,88.116152,1.394154,0.690062,1.600213,24.834927
-14.100000,88.116152,4.410953,1.264223,4.435807,-28.901346
14.100000,88.116152,1.414402,0.690062,1.600213,25.020050
-14.200000,88.116152,4.448078,1.264223,4.435807,-29.086469
14.200000,88.116152,1.434717,0.690062,1.600213,25.205172
-14.300000,88.116152,4.485250,1.264223,4.435807,-29.271591
14.300000,88.116152,1.454868,0.690062,1.757746,25.304793
-14.400000,88.116152,4.522384,1.264223,4.593340,-29.542215
14.400000,88.116152,1.475180,0.772085,1.600213,25.550016
-14.500000,88.116152,4.559452,1.264223,4.593340,-29.727338
14.500000,88.116152,1.495034,0.690062,1.600213,25.760540
-14.600000,88.116152,4.596545,1.264223,4.593340,-29.912461
14.600000,88.116152,1.515583,0.690062,1.600213,25.945662
-14.700000,88.116152,4.633659,1.264223,4.593340,-30.097583
14.700000,88.116152,1.536119,0.690062,1.442679,26.216287
-14.800000,88.116152,4.670796,1.264223,4.593340,-30.282706
14.800000,88.116152,1.556688,0.690062,1.442679,26.401409
-14.900000,88.116152,4.707953,1.264223,4.593340,-30.467828
14.900000,88.116152,1.577317,0.690062,1.442679,26.586532
-1.400000,88.116152,0.399288,0.936131,2.702944,-4.348659
1.400000,88.116152,0.059865,0.936131,2.702944,0.834771
-15.000000,88.116152,4.745131,1.264223,4.593340,-30.652951
15.000000,88.116152,1.598003,0.690062,1.442679,26.771654
-15.100000,88.116152,4.782392,1.264223,4.750873,-30.923575
15.100000,88.116152,1.618747,0.690062,1.442679,26.956777
-15.200000,88.116152,4.819458,1.264223,4.750873,-31.108697
15.200000,88.116152,1.639546,0.690062,1.442679,27.141899
-15.300000,88.116152,4.856543,1.264223,4.750873,-31.293820
15.300000,88.116152,1.660401,0.690062,1.442679,27.327022
-15.400000,88.116152,4.893645,1.264223,4.750873,-31.478942
15.400000,88.116152,1.681310,0.690062,1.442679,27.512144
-15.500000,88.116152,4.930765,1.264223,4.750873,-31.664065
15.500000,88.116152,1.702271,0.690062,1.442679,27.697267
-15.600000,88.116152,4.968381,1.346246,4.750873,-31.874589
15.600000,88.116152,1.723285,0.690062,1.442679,27.882389
-15.700000,88.116152,5.005051,1.264223,4.750873,-32.034310
15.700000,88.116152,1.744323,0.690062,1.285146,28.153014
-15.800000,88.116152,5.042217,1.264223,4.750873,-32.219433
15.800000,88.116152,1.765336,0.690062,1.285146,28.338136
-15.900000,88.116152,5.079396,1.264223,4.750873,-32.404555
15.900000,88.116152,1.786398,0.690062,1.285146,28.523259
-1.500000,88.116152,0.417071,0.936131,2.702944,-4.533782
1.500000,88.116152,0.053315,0.936131,2.702944,1.019894
-16.000000,88.116152,5.116504,1.264223,4.908406,-32.675179
16.000000,88.116152,1.807508,0.690062,1.285146,28.708381
-16.100000,88.116152,5.153802,1.346246,5.065939,-32.971205
16.100000,88.116152,1.828666,0.690062,1.285146,28.893504
-16.200000,88.116152,5.189628,1.264223,4.908406,-33.045424
16.200000,88.116152,1.849871,0.690062,1.285146,29.078626
-16.300000,88.116152,5.226642,1.264223,4.908406,-33.230547
16.300000,88.116152,1.871094,0.608039,1.285146,29.289151
-16.400000,88.116152,5.263661,1.264223,4.908406,-33.415669
16.400000,88.116152,1.892347,0.608039,1.285146,29.474273
-16.500000,88.116152,5.300685,1.264223,4.908406,-33.600792
16.500000,88.116152,1.913644,0.608039,1.285146,29.659396
-16.600000,88.116152,5.337760,1.346246,4.908406,-33.811316
16.600000,88.116152,1.934984,0.608039,1.285146,29.844518
-16.700000,88.116152,5.374732,1.346246,4.908406,-33.996439
16.700000,88.116152,1.956367,0.608039,1.285146,30.029641
-16.800000,88.116152,5.411618,1.346246,5.065939,-34.267063
16.800000,88.116152,1.977792,0.608039,1.285146,30.214763
-16.900000,88.116152,5.448444,1.346246,5.065939,-34.452185
16.900000,88.116152,1.999174,0.608039,1.127613,30.485387
-1.600000,88.116152,0.435226,0.936131,2.702944,-4.718905
1.600000,88.116152,0.046408,0.936131,2.545411,1.290518
-17.000000,88.116152,5.485271,1.346246,5.065939,-34.637308
17.000000,88.116152,2.020577,0.608039,1.127613,30.670510
-17.100000,88.116152,5.522100,1.346246,5.065939,-34.822431
17.100000,88.116152,2.042020,0.608039,1.127613,30.855632
-17.200000,88.116152,5.559276,1.264223,5.065939,-34.982151
17.200000,88.116152,2.063502,0.608039,1.127613,31.040755
-17.300000,88.116152,5.596153,1.346246,5.065939,-35.192676
17.300000,88.116152,2.085022,0.608039,1.127613,31.225877
-17.400000,88.116152,5.632959,1.346246,5.065939,-35.377798
17.400000,88.116152,2.106579,0.608039,1.127613,31.411000
-17.500000,88.116152,5.669754,1.346246,5.223472,-35.648422
17.500000,88.116152,2.128173,0.608039,1.127613,31.596123
-17.600000,88.116152,5.706400,1.346246,5.223472,-35.833545
17.600000,88.116152,2.149804,0.608039,1.127613,31.781245
-17.700000,88.116152,5.743043,1.346246,5.223472,-36.018667
17.700000,88.116152,2.171470,0.608039,1.127613,31.966368
-17.800000,88.116152,5.779682,1.346246,5.223472,-36.203790
17.800000,88.116152,2.193171,0.608039,1.127613,32.151490
-17.900000,88.116152,5.816317,1.346246,5.223472,-36.388912
17.900000,88.116152,2.213837,0.608039,0.970080,32.422114
-1.700000,88.116152,0.453754,0.936131,2.702944,-4.904027
1.700000,88.116152,0.040706,0.936131,2.545411,1.475641
-18.000000,88.116152,5.852947,1.346246,5.223472,-36.574035
18.000000,88.116152,2.236493,0.608039,0.970080,32.607237
-18.100000,88.116152,5.890485,1.346246,5.065939,-36.673656
18.100000,88.116152,2.258191,0.608039,0.970080,32.792359
-18.200000,88.116152,5.932822,1.346246,4.750873,-36.687775
18.200000,88.116152,2.279921,0.608039,0.970080,32.977482
-18.300000,88.116152,5.980426,1.346246,4.435807,-36.701894
18.300000,88.116152,2.301683,0.608039,0.970080,33.162604
-18.400000,88.116152,6.033373,1.346246,4.120741,-36.716014
18.400000,88.116152,2.323477,0.608039,0.970080,33.347727
-18.500000,88.116152,6.093561,1.264223,3.805675,-36.704731
18.500000,88.116152,2.344359,0.608039,0.970080,33.532850
-18.600000,88.116152,6.157851,1.264223,3.490609,-36.718850
18.600000,88.116152,2.366316,0.608039,0.970080,33.717972
-18.700000,88.116152,6.232111,1.182200,3.175543,-36.707568
18.700000,88.116152,2.388203,0.608039,0.970080,33.903095
-18.800000,88.116152,6.308923,1.182200,2.860477,-36.721687
18.800000,88.116152,2.410578,0.608039,0.970080,34.088217
-18.900000,88.116152,6.396908,1.100177,2.545411,-36.710404
18.900000,88.116152,2.432403,0.608039,0.812547,34.358841
-1.800000,88.116152,0.472651,0.936131,2.702944,-5.089150
1.800000,88.116152,0.035390,0.936131,2.545411,1.660763
-19.000000,88.116152,6.484730,1.100177,2.230345,-36.724524
19.000000,88.116152,2.454268,0.608039,0.812547,34.543964
-19.100000,88.116152,6.587004,1.018154,1.915279,-36.713241
19.100000,88.116152,2.476224,0.608039,0.812547,34.729086
-19.200000,88.116152,6.695849,1.264223,1.442679,-36.718064
19.200000,88.116152,2.498144,0.608039,0.812547,34.914209
-19.300000,88.116152,6.803670,0.936131,1.285146,-36.716078
19.300000,88.116152,2.520120,0.608039,0.812547,35.099331
-19.400000,88.116152,6.924164,1.182200,0.812547,-36.720901
19.400000,88.116152,2.542828,0.608039,0.812547,35.284454
-19.500000,88.116152,7.047144,0.854108,0.655014,-36.718915
19.500000,88.116152,2.564835,0.608039,0.812547,35.469576
-19.600000,88.116152,7.179191,1.100177,0.182415,-36.723738
19.600000,88.116152,2.586867,0.608039,0.812547,35.654699
-19.700000,88.116152,7.317389,0.772085,0.024882,-36.721751
19.700000,88.116152,2.608938,0.526016,0.812547,35.865223
-19.800000,88.116152,7.471150,0.690062,-0.290184,-36.710469
19.800000,88.116152,2.630975,0.526016,0.812547,36.050346
-19.900000,88.116152,7.614143,0.690062,-0.605250,-36.724588
19.900000,88.116152,2.652993,0.608039,0.655014,36.295568
-1.900000,88.116152,0.491918,0.936131,2.702944,-5.274272
1.900000,88.116152,0.030380,0.854108,2.545411,1.871287
-20.000000,88.116152,7.782163,0.608039,-0.920316,-36.713306
20.000000,88.116152,2.675016,0.608039,0.655014,36.480691
20.100000,88.116152,2.697029,0.526016,0.655014,36.691215
20.200000,88.116152,2.719053,0.526016,0.655014,36.876338
20.300000,88.116152,2.740187,0.526016,0.655014,37.061460
20.400000,88.116152,2.763168,0.526016,0.655014,37.246583
20.500000,88.116152,2.785257,0.526016,0.655014,37.431705
20.600000,88.116152,2.807366,0.526016,0.655014,37.616828
20.700000,88.116152,2.829495,0.526016,0.655014,37.801950
20.800000,88.116152,2.851644,0.526016,0.655014,37.987073
20.900000,88.116152,2.873799,0.526016,0.497481,38.257697
-2.000000,88.116152,0.511548,0.936131,2.702944,-5.459395
2.000000,88.116152,0.025835,0.854108,2.702944,1.970908
21.000000,88.116152,2.895883,0.526016,0.497481,38.442820
21.100000,88.116152,2.917985,0.526016,0.497481,38.627942
21.200000,88.116152,2.940105,0.526016,0.497481,38.813065
21.300000,88.116152,2.962243,0.526016,0.497481,38.998187
21.400000,88.116152,2.983454,0.526016,0.497481,39.183310
21.500000,88.116152,3.005866,0.526016,0.497481,39.368432
21.600000,88.116152,3.028758,0.526016,0.497481,39.553555
21.700000,88.116152,3.050333,0.526016,0.497481,39.738677
21.800000,88.116152,3.073180,0.526016,0.497481,39.923800
21.900000,88.116152,3.095415,0.526016,0.497481,40.108922
-2.100000,88.116152,0.531539,0.936131,2.702944,-5.644517
2.100000,88.116152,0.021667,0.854108,2.702944,2.156031
22.000000,88.116152,3.117523,0.526016,0.339948,40.379546
22.100000,88.116152,3.139686,0.526016,0.339948,40.564669
22.200000,88.116152,3.161863,0.526016,0.339948,40.749792
22.300000,88.116152,3.184054,0.526016,0.339948,40.934914
22.400000,88.116152,3.206259,0.526016,0.339948,41.120037
22.500000,88.116152,3.228477,0.526016,0.339948,41.305159
22.600000,88.116152,3.249659,0.526016,0.339948,41.490282
22.700000,88.116152,3.271924,0.526016,0.339948,41.675404
22.800000,88.116152,3.294311,0.526016,0.339948,41.860527
22.900000,88.116152,3.316541,0.526016,0.182415,42.131151
-2.200000,88.116152,0.551889,0.936131,2.702944,-5.829640
2.200000,88.116152,0.018149,0.936131,2.702944,2.315752
23.000000,88.116152,3.338742,0.526016,0.182415,42.316273
23.100000,88.116152,3.361012,0.526016,0.182415,42.501396
23.200000,88.116152,3.383972,0.526016,0.182415,42.686519
23.300000,88.116152,3.406182,0.526016,0.182415,42.871641
23.400000,88.116152,3.427786,0.526016,0.182415,43.056764
23.500000,88.116152,3.450090,0.526016,0.182415,43.241886
23.600000,88.116152,3.472317,0.443993,0.182415,43.452410
23.700000,88.116152,3.495048,0.443993,0.182415,43.637533
23.800000,88.116152,3.516801,0.443993,0.182415,43.822655
23.900000,88.116152,3.539648,0.526016,0.182415,43.982376
-2.300000,88.116152,0.572596,0.936131,2.702944,-6.014762
2.300000,88.116152,0.015646,0.936131,2.702944,2.500874
24.000000,88.116152,3.561665,0.443993,0.024882,44.278402
24.100000,88.116152,3.583443,0.443993,0.024882,44.463525
24.200000,88.116152,3.605600,0.443993,0.024882,44.648647
24.300000,88.116152,3.628112,0.443993,0.024882,44.833770
24.400000,88.116152,3.650276,0.443993,0.024882,45.018892
24.500000,88.116152,3.674508,0.443993,0.339948,45.033012
24.600000,88.116152,3.701911,0.443993,0.655014,45.047131
24.700000,88.116152,3.735574,0.526016,0.970080,45.035848
24.800000,88.116152,3.772488,0.526016,1.285146,45.049968
24.900000,88.116152,3.815204,0.608039,1.600213,45.038685
-2.400000,88.116152,0.593655,0.936131,2.702944,-6.199885
2.400000,88.116152,0.012458,0.936131,2.702944,2.685997
25.000000,88.116152,3.860379,0.608039,1.915279,45.052804
25.100000,88.116152,3.913799,0.690062,2.230345,45.041522
25.200000,88.116152,3.966768,0.690062,2.545411,45.055641
25.300000,88.116152,4.028814,0.443993,3.018010,45.060464
25.400000,88.116152,4.089757,0.772085,3.175543,45.058478
25.500000,88.116152,4.161171,0.854108,3.490609,45.047195
25.600000,88.116152,4.230444,0.608039,3.963208,45.052018
25.700000,88.116152,4.308028,0.690062,4.278274,45.040736
25.800000,88.116152,4.382733,0.690062,4.593340,45.054855
25.900000,88.116152,4.468173,0.772085,4.908406,45.043572
-2.500000,88.116152,0.615065,0.936131,2.702944,-6.385007
2.500000,88.116152,0.009664,0.936131,2.702944,2.871119
26.000000,88.116152,4.549000,0.772085,5.223472,45.057692
26.100000,88.116152,4.617054,0.608039,5.538538,45.122614
26.200000,88.116152,4.728450,0.854108,5.853605,45.060528
26.300000,88.116152,4.828290,0.936131,6.168671,45.049246
26.400000,88.116152,4.924063,0.690062,6.641270,45.054069
26.500000,88.116152,5.026534,1.018154,6.798803,45.052082
26.600000,88.116152,5.125254,0.772085,7.271402,45.056905
26.700000,88.116152,5.198059,0.854108,7.428935,45.131124
26.800000,88.116152,5.298716,0.854108,7.744001,45.145244
26.900000,88.116152,5.452911,0.936131,8.216600,45.048460
-2.600000,88.116152,0.636821,0.936131,2.702944,-6.570130
2.600000,88.116152,0.006913,0.936131,2.545411,3.141743
27.000000,88.116152,5.564572,0.690062,8.689199,45.053282
27.100000,88.116152,5.679819,1.018154,8.846732,45.051296
27.200000,88.116152,5.792895,0.772085,9.319331,45.056119
27.300000,88.116152,5.915406,1.100177,9.476864,45.054133
27.400000,88.116152,5.994888,0.608039,9.949463,45.135161
27.500000,88.116152,6.113187,0.936131,10.106997,45.133175
27.600000,88.116152,6.235150,0.690062,10.579596,45.137998
27.700000,88.116152,6.406178,1.018154,10.894662,45.050510
27.800000,88.116152,6.482421,0.772085,11.209728,45.140835
27.900000,88.116152,6.613656,0.526016,11.682327,45.145658
-2.700000,88.116152,0.658920,0.936131,2.702944,-6.755252
2.700000,88.116152,0.004878,0.936131,2.545411,3.326866
28.000000,88.116152,6.736246,0.854108,11.839860,45.143671
28.100000,88.116152,6.872955,0.936131,12.154926,45.132389
28.200000,88.116152,6.996540,0.936131,12.469992,45.146508
28.300000,88.116152,7.136575,1.018154,12.785058,45.135226
28.400000,88.116152,7.264469,0.772085,13.257657,45.140048
28.500000,88.116152,7.400951,0.526016,13.730256,45.144871
28.600000,88.116152,7.531554,0.854108,13.887789,45.142885
28.700000,88.116152,7.674895,0.936131,14.202855,45.131603
28.800000,88.116152,7.854195,0.936131,14.675455,45.060220
28.900000,88.116152,7.948950,0.443993,15.148054,45.141248
-2.800000,88.116152,0.681360,0.936131,2.702944,-6.940375
2.800000,88.116152,0.002923,0.854108,2.545411,3.537390
29.000000,88.116152,8.080674,0.772085,15.305587,45.139262
29.100000,88.116152,8.219082,0.526016,15.778186,45.144085
29.200000,88.116152,8.356754,0.854108,15.935719,45.142099
29.300000,88.116152,8.504249,0.936131,16.250785,45.130816
29.400000,88.116152,8.635798,0.936131,16.565851,45.144936
29.500000,88.116152,8.780676,0.443993,17.195983,45.140462
29.600000,88.116152,8.918273,0.772085,17.353516,45.138476
29.700000,88.116152,9.056462,0.526016,17.826115,45.143299
29.800000,88.116152,9.200003,0.854108,17.983648,45.141313
29.900000,88.116152,9.335852,0.608039,18.456247,45.146136
-2.900000,88.116152,0.704136,0.936131,2.702944,-7.125497
2.900000,88.116152,0.001789,0.854108,2.545411,3.722513
30.000000,88.116152,9.482988,0.936131,18.613780,45.144150
30.100000,88.116152,9.624199,0.443993,19.243913,45.139676
30.200000,88.116152,9.766165,0.772085,19.401446,45.137690
30.300000,88.116152,9.904064,0.526016,19.874045,45.142513
30.400000,88.116152,10.049984,0.854108,20.031578,45.140527
30.500000,88.116152,10.184076,0.608039,20.504177,45.145350
30.600000,88.116152,10.365235,1.264223,20.504177,45.127258
30.700000,88.116152,10.566334,1.838384,20.504177,45.134568
30.800000,88.116152,10.799904,2.412545,20.504177,45.141878
30.900000,88.116152,11.097834,3.068729,20.504177,45.123787
-3.000000,88.116152,0.727246,0.936131,2.702944,-7.310620
3.000000,88.116152,0.001150,0.854108,2.702944,3.822134
31.000000,88.116152,11.388447,3.642890,20.504177,45.131097
31.100000,88.116152,11.700419,4.217051,20.504177,45.138407
31.200000,88.116152,12.030809,4.791212,20.504177,45.145717
31.300000,88.116152,12.423675,5.447396,20.504177,45.127625
31.400000,88.116152,12.785029,6.021556,20.504177,45.134936
31.500000,88.116152,13.157506,6.595717,20.504177,45.142246
31.600000,88.116152,13.590644,7.251901,20.504177,45.124154
31.700000,88.116152,13.981349,7.826062,20.504177,45.131464
31.800000,88.116152,14.378217,8.400223,20.504177,45.138774
31.900000,88.116152,14.780688,8.974384,20.504177,45.146085
-3.100000,88.116152,0.750548,0.936131,2.860477,-7.581244
3.100000,88.116152,0.000319,0.854108,2.545411,4.092758
32.000000,88.116152,15.241965,9.630568,20.504177,45.127993
32.100000,88.116152,15.652598,10.204729,20.504177,45.135303
32.200000,88.116152,179769313486231570814527423731704356798070567525844996598917476803157260780028538760589558632766878171540458953514382464234321326889464182768467546703537516986049910576551282076245490090389328944075868508455133942304583236903222948165808559332123348274797826204144723168738177180919299881250404026184124858368.000000,0.000000,0.000000,0.000000
32.300000,88.116152,179769313486231570814527423731704356798070567525844996598917476803157260780028538760589558632766878171540458953514382464234321326889464182768467546703537516986049910576551282076245490090389328944075868508455133942304583236903222948165808559332123348274797826204144723168738177180919299881250404026184124858368.000000,0.000000,0.000000,0.000000
32.400000,88.116152,179769313486231570814527423731704356798070567525844996598917476803157260780028538760589558632766878171540458953514382464234321326889464182768467546703537516986049910576551282076245490090389328944075868508455133942304583236903222948165808559332123348274797826204144723168738177180919299881250404026184124858368.000000,0.000000,0.000000,0.000000
32.500000,88.116152,179769313486231570814527423731704356798070567525844996598917476803157260780028538760589558632766878171540458953514382464234321326889464182768467546703537516986049910576551282076245490090389328944075868508455133942304583236903222948165808559332123348274797826204144723168738177180919299881250404026184124858368.000000,0.000000,0.000000,0.000000
32.600000,88.116152,179769313486231570814527423731704356798070567525844996598917476803157260780028538760589558632766878171540458953514382464234321326889464182768467546703537516986049910576551282076245490090389328944075868508455133942304583236903222948165808559332123348274797826204144723168738177180919299881250404026184124858368.000000,0.000000,0.000000,0.000000
32.700000,88.116152,179769313486231570814527423731704356798070567525844996598917476803157260780028538760589558632766878171540458953514382464234321326889464182768467546703537516986049910576551282076245490090389328944075868508455133942304583236903222948165808559332123348274797826204144723168738177180919299881250404026184124858368.000000,0.000000,0.000000,0.000000
32.800000,88.116152,179769313486231570814527423731704356798070567525844996598917476803157260780028538760589558632766878171540458953514382464234321326889464182768467546703537516986049910576551282076245490090389328944075868508455133942304583236903222948165808559332123348274797826204144723168738177180919299881250404026184124858368.000000,0.000000,0.000000,0.000000
32.900000,88.116152,179769313486231570814527423731704356798070567525844996598917476803157260780028538760589558632766878171540458953514382464234321326889464182768467546703537516986049910576551282076245490090389328944075868508455133942304583236903222948165808559332123348274797826204144723168738177180919299881250404026184124858368.000000,0.000000,0.000000,0.000000
-3.200000,88.116152,0.774450,0.936131,2.702944,-7.680865
3.200000,88.116152,0.000102,0.854108,2.545411,4.277880
33.000000,88.116152,179769313486231570814527423731704356798070567525844996598917476803157260780028538760589558632766878171540458953514382464234321326889464182768467546703537516986049910576551282076245490090389328944075868508455133942304583236903222948165808559332123348274797826204144723168738177180919299881250404026184124858368.000000,0.000000,0.000000,0.000000
33.100000,88.116152,179769313486231570814527423731704356798070567525844996598917476803157260780028538760589558632766878171540458953514382464234321326889464182768467546703537516986049910576551282076245490090389328944075868508455133942304583236903222948165808559332123348274797826204144723168738177180919299881250404026184124858368.000000,0.000000,0.000000,0.000000
33.200000,88.116152,179769313486231570814527423731704356798070567525844996598917476803157260780028538760589558632766878171540458953514382464234321326889464182768467546703537516986049910576551282076245490090389328944075868508455133942304583236903222948165808559332123348274797826204144723168738177180919299881250404026184124858368.000000,0.000000,0.000000,0.000000
33.300000,88.116152,179769313486231570814527423731704356798070567525844996598917476803157260780028538760589558632766878171540458953514382464234321326889464182768467546703537516986049910576551282076245490090389328944075868508455133942304583236903222948165808559332123348274797826204144723168738177180919299881250404026184124858368.000000,0.000000,0.000000,0.000000
33.400000,88.116152,179769313486231570814527423731704356798070567525844996598917476803157260780028538760589558632766878171540458953514382464234321326889464182768467546703537516986049910576551282076245490090389328944075868508455133942304583236903222948165808559332123348274797826204144723168738177180919299881250404026184124858368.000000,0.000000,0.000000,0.000000
33.500000,88.116152,179769313486231570814527423731704356798070567525844996598917476803157260780028538760589558632766878171540458953514382464234321326889464182768467546703537516986049910576551282076245490090389328944075868508455133942304583236903222948165808559332123348274797826204144723168738177180919299881250404026184124858368.000000,0.000000,0.000000,0.000000
33.600000,88.116152,179769313486231570814527423731704356798070567525844996598917476803157260780028538760589558632766878171540458953514382464234321326889464182768467546703537516986049910576551282076245490090389328944075868508455133942304583236903222948165808559332123348274797826204144723168738177180919299881250404026184124858368.000000,0.000000,0.000000,0.000000
33.700000,88.116152,179769313486231570814527423731704356798070567525844996598917476803157260780028538760589558632766878171540458953514382464234321326889464182768467546703537516986049910576551282076245490090389328944075868508455133942304583236903222948165808559332123348274797826204144723168738177180919299881250404026184124858368.000000,0.000000,0.000000,0.000000
33.800000,88.116152,179769313486231570814527423731704356798070567525844996598917476803157260780028538760589558632766878171540458953514382464234321326889464182768467546703537516986049910576551282076245490090389328944075868508455133942304583236903222948165808559332123348274797826204144723168738177180919299881250404026184124858368.000000,0.000000,0.000000,0.000000
33.900000,88.116152,179769313486231570814527423731704356798070567525844996598917476803157260780028538760589558632766878171540458953514382464234321326889464182768467546703537516986049910576551282076245490090389328944075868508455133942304583236903222948165808559332123348274797826204144723168738177180919299881250404026184124858368.000000,0.000000,0.000000,0.000000
-3.300000,88.116152,0.798537,0.936131,2.702944,-7.865988
3.300000,88.116152,0.000421,0.854108,2.545411,4.463003
34.000000,88.116152,179769313486231570814527423731704356798070567525844996598917476803157260780028538760589558632766878171540458953514382464234321326889464182768467546703537516986049910576551282076245490090389328944075868508455133942304583236903222948165808559332123348274797826204144723168738177180919299881250404026184124858368.000000,0.000000,0.000000,0.000000
34.100000,88.116152,179769313486231570814527423731704356798070567525844996598917476803157260780028538760589558632766878171540458953514382464234321326889464182768467546703537516986049910576551282076245490090389328944075868508455133942304583236903222948165808559332123348274797826204144723168738177180919299881250404026184124858368.000000,0.000000,0.000000,0.000000
34.200000,88.116152,179769313486231570814527423731704356798070567525844996598917476803157260780028538760589558632766878171540458953514382464234321326889464182768467546703537516986049910576551282076245490090389328944075868508455133942304583236903222948165808559332123348274797826204144723168738177180919299881250404026184124858368.000000,0.000000,0.000000,0.000000
34.300000,88.116152,179769313486231570814527423731704356798070567525844996598917476803157260780028538760589558632766878171540458953514382464234321326889464182768467546703537516986049910576551282076245490090389328944075868508455133942304583236903222948165808559332123348274797826204144723168738177180919299881250404026184124858368.000000,0.000000,0.000000,0.000000
34.400000,88.116152,179769313486231570814527423731704356798070567525844996598917476803157260780028538760589558632766878171540458953514382464234321326889464182768467546703537516986049910576551282076245490090389328944075868508455133942304583236903222948165808559332123348274797826204144723168738177180919299881250404026184124858368.000000,0.000000,0.000000,0.000000
34.500000,88.116152,179769313486231570814527423731704356798070567525844996598917476803157260780028538760589558632766878171540458953514382464234321326889464182768467546703537516986049910576551282076245490090389328944075868508455133942304583236903222948165808559332123348274797826204144723168738177180919299881250404026184124858368.000000,0.000000,0.000000,0.000000
34.600000,88.116152,179769313486231570814527423731704356798070567525844996598917476803157260780028538760589558632766878171540458953514382464234321326889464182768467546703537516986049910576551282076245490090389328944075868508455133942304583236903222948165808559332123348274797826204144723168738177180919299881250404026184124858368.000000,0.000000,0.000000,0.000000
34.700000,88.116152,179769313486231570814527423731704356798070567525844996598917476803157260780028538760589558632766878171540458953514382464234321326889464182768467546703537516986049910576551282076245490090389328944075868508455133942304583236903222948165808559332123348274797826204144723168738177180919299881250404026184124858368.000000,0.000000,0.000000,0.000000
34.800000,88.116152,179769313486231570814527423731704356798070567525844996598917476803157260780028538760589558632766878171540458953514382464234321326889464182768467546703537516986049910576551282076245490090389328944075868508455133942304583236903222948165808559332123348274797826204144723168738177180919299881250404026184124858368.000000,0.000000,0.000000,0.000000
34.900000,88.116152,179769313486231570814527423731704356798070567525844996598917476803157260780028538760589558632766878171540458953514382464234321326889464182768467546703537516986049910576551282076245490090389328944075868508455133942304583236903222948165808559332123348274797826204144723168738177180919299881250404026184124858368.000000,0.000000,0.000000,0.000000
-3.400000,88.116152,0.822943,0.936131,2.702944,-8.051110
3.400000,88.116152,0.001008,0.854108,2.545411,4.648125
35.000000,88.116152,179769313486231570814527423731704356798070567525844996598917476803157260780028538760589558632766878171540458953514382464234321326889464182768467546703537516986049910576551282076245490090389328944075868508455133942304583236903222948165808559332123348274797826204144723168738177180919299881250404026184124858368.000000,0.000000,0.000000,0.000000
35.100000,88.116152,179769313486231570814527423731704356798070567525844996598917476803157260780028538760589558632766878171540458953514382464234321326889464182768467546703537516986049910576551282076245490090389328944075868508455133942304583236903222948165808559332123348274797826204144723168738177180919299881250404026184124858368.000000,0.000000,0.000000,0.000000
35.200000,88.116152,179769313486231570814527423731704356798070567525844996598917476803157260780028538760589558632766878171540458953514382464234321326889464182768467546703537516986049910576551282076245490090389328944075868508455133942304583236903222948165808559332123348274797826204144723168738177180919299881250404026184124858368.000000,0.000000,0.000000,0.000000
35.300000,88.116152,179769313486231570814527423731704356798070567525844996598917476803157260780028538760589558632766878171540458953514382464234321326889464182768467546703537516986049910576551282076245490090389328944075868508455133942304583236903222948165808559332123348274797826204144723168738177180919299881250404026184124858368.000000,0.000000,0.000000,0.000000
35.400000,88.116152,179769313486231570814527423731704356798070567525844996598917476803157260780028538760589558632766878171540458953514382464234321326889464182768467546703537516986049910576551282076245490090389328944075868508455133942304583236903222948165808559332123348274797826204144723168738177180919299881250404026184124858368.000000,0.000000,0.000000,0.000000
35.500000,88.116152,179769313486231570814527423731704356798070567525844996598917476803157260780028538760589558632766878171540458953514382464234321326889464182768467546703537516986049910576551282076245490090389328944075868508455133942304583236903222948165808559332123348274797826204144723168738177180919299881250404026184124858368.000000,0.000000,0.000000,0.000000
35.600000,88.116152,179769313486231570814527423731704356798070567525844996598917476803157260780028538760589558632766878171540458953514382464234321326889464182768467546703537516986049910576551282076245490090389328944075868508455133942304583236903222948165808559332123348274797826204144723168738177180919299881250404026184124858368.000000,0.000000,0.000000,0.000000
35.700000,88.116152,179769313486231570814527423731704356798070567525844996598917476803157260780028538760589558632766878171540458953514382464234321326889464182768467546703537516986049910576551282076245490090389328944075868508455133942304583236903222948165808559332123348274797826204144723168738177180919299881250404026184124858368.000000,0.000000,0.000000,0.000000
35.800000,88.116152,179769313486231570814527423731704356798070567525844996598917476803157260780028538760589558632766878171540458953514382464234321326889464182768467546703537516986049910576551282076245490090389328944075868508455133942304583236903222948165808559332123348274797826204144723168738177180919299881250404026184124858368.000000,0.000000,0.000000,0.000000
35.900000,88.116152,179769313486231570814527423731704356798070567525844996598917476803157260780028538760589558632766878171540458953514382464234321326889464182768467546703537516986049910576551282076245490090389328944075868508455133942304583236903222948165808559332123348274797826204144723168738177180919299881250404026184124858368.000000,0.000000,0.000000,0.000000
-3.500000,88.116152,0.847280,0.936131,2.860477,-8.321734
3.500000,88.116152,0.001857,0.854108,2.545411,4.833248
36.000000,88.116152,179769313486231570814527423731704356798070567525844996598917476803157260780028538760589558632766878171540458953514382464234321326889464182768467546703537516986049910576551282076245490090389328944075868508455133942304583236903222948165808559332123348274797826204144723168738177180919299881250404026184124858368.000000,0.000000,0.000000,0.000000
36.100000,88.116152,179769313486231570814527423731704356798070567525844996598917476803157260780028538760589558632766878171540458953514382464234321326889464182768467546703537516986049910576551282076245490090389328944075868508455133942304583236903222948165808559332123348274797826204144723168738177180919299881250404026184124858368.000000,0.000000,0.000000,0.000000
36.200000,88.116152,179769313486231570814527423731704356798070567525844996598917476803157260780028538760589558632766878171540458953514382464234321326889464182768467546703537516986049910576551282076245490090389328944075868508455133942304583236903222948165808559332123348274797826204144723168738177180919299881250404026184124858368.000000,0.000000,0.000000,0.000000
36.300000,88.116152,179769313486231570814527423731704356798070567525844996598917476803157260780028538760589558632766878171540458953514382464234321326889464182768467546703537516986049910576551282076245490090389328944075868508455133942304583236903222948165808559332123348274797826204144723168738177180919299881250404026184124858368.000000,0.000000,0.000000,0.000000
36.400000,88.116152,179769313486231570814527423731704356798070567525844996598917476803157260780028538760589558632766878171540458953514382464234321326889464182768467546703537516986049910576551282076245490090389328944075868508455133942304583236903222948165808559332123348274797826204144723168738177180919299881250404026184124858368.000000,0.000000,0.000000,0.000000
36.500000,88.116152,179769313486231570814527423731704356798070567525844996598917476803157260780028538760589558632766878171540458953514382464234321326889464182768467546703537516986049910576551282076245490090389328944075868508455133942304583236903222948165808559332123348274797826204144723168738177180919299881250404026184124858368.000000,0.000000,0.000000,0.000000
36.600000,88.116152,179769313486231570814527423731704356798070567525844996598917476803157260780028538760589558632766878171540458953514382464234321326889464182768467546703537516986049910576551282076245490090389328944075868508455133942304583236903222948165808559332123348274797826204144723168738177180919299881250404026184124858368.000000,0.000000,0.000000,0.000000
36.700000,88.116152,179769313486231570814527423731704356798070567525844996598917476803157260780028538760589558632766878171540458953514382464234321326889464182768467546703537516986049910576551282076245490090389328944075868508455133942304583236903222948165808559332123348274797826204144723168738177180919299881250404026184124858368.000000,0.000000,0.000000,0.000000
36.800000,88.116152,179769313486231570814527423731704356798070567525844996598917476803157260780028538760589558632766878171540458953514382464234321326889464182768467546703537516986049910576551282076245490090389328944075868508455133942304583236903222948165808559332123348274797826204144723168738177180919299881250404026184124858368.000000,0.000000,0.000000,0.000000
36.900000,88.116152,179769313486231570814527423731704356798070567525844996598917476803157260780028538760589558632766878171540458953514382464234321326889464182768467546703537516986049910576551282076245490090389328944075868508455133942304583236903222948165808559332123348274797826204144723168738177180919299881250404026184124858368.000000,0.000000,0.000000,0.000000
-3.600000,88.116152,0.872245,0.936131,2.860477,-8.506857
3.600000,88.116152,0.003180,0.854108,2.545411,5.018371
37.000000,88.116152,179769313486231570814527423731704356798070567525844996598917476803157260780028538760589558632766878171540458953514382464234321326889464182768467546703537516986049910576551282076245490090389328944075868508455133942304583236903222948165808559332123348274797826204144723168738177180919299881250404026184124858368.000000,0.000000,0.000000,0.000000
37.100000,88.116152,179769313486231570814527423731704356798070567525844996598917476803157260780028538760589558632766878171540458953514382464234321326889464182768467546703537516986049910576551282076245490090389328944075868508455133942304583236903222948165808559332123348274797826204144723168738177180919299881250404026184124858368.000000,0.000000,0.000000,0.000000
37.200000,88.116152,179769313486231570814527423731704356798070567525844996598917476803157260780028538760589558632766878171540458953514382464234321326889464182768467546703537516986049910576551282076245490090389328944075868508455133942304583236903222948165808559332123348274797826204144723168738177180919299881250404026184124858368.000000,0.000000,0.000000,0.000000
37.300000,88.116152,179769313486231570814527423731704356798070567525844996598917476803157260780028538760589558632766878171540458953514382464234321326889464182768467546703537516986049910576551282076245490090389328944075868508455133942304583236903222948165808559332123348274797826204144723168738177180919299881250404026184124858368.000000,0.000000,0.000000,0.000000
37.400000,88.116152,179769313486231570814527423731704356798070567525844996598917476803157260780028538760589558632766878171540458953514382464234321326889464182768467546703537516986049910576551282076245490090389328944075868508455133942304583236903222948165808559332123348274797826204144723168738177180919299881250404026184124858368.000000,0.000000,0.000000,0.000000
37.500000,88.116152,179769313486231570814527423731704356798070567525844996598917476803157260780028538760589558632766878171540458953514382464234321326889464182768467546703537516986049910576551282076245490090389328944075868508455133942304583236903222948165808559332123348274797826204144723168738177180919299881250404026184124858368.000000,0.000000,0.000000,0.000000
37.600000,88.116152,179769313486231570814527423731704356798070567525844996598917476803157260780028538760589558632766878171540458953514382464234321326889464182768467546703537516986049910576551282076245490090389328944075868508455133942304583236903222948165808559332123348274797826204144723168738177180919299881250404026184124858368.000000,0.000000,0.000000,0.000000
37.700000,88.116152,179769313486231570814527423731704356798070567525844996598917476803157260780028538760589558632766878171540458953514382464234321326889464182768467546703537516986049910576551282076245490090389328944075868508455133942304583236903222948165808559332123348274797826204144723168738177180919299881250404026184124858368.000000,0.000000,0.000000,0.000000
37.800000,88.116152,179769313486231570814527423731704356798070567525844996598917476803157260780028538760589558632766878171540458953514382464234321326889464182768467546703537516986049910576551282076245490090389328944075868508455133942304583236903222948165808559332123348274797826204144723168738177180919299881250404026184124858368.000000,0.000000,0.000000,0.000000
37.900000,88.116152,179769313486231570814527423731704356798070567525844996598917476803157260780028538760589558632766878171540458953514382464234321326889464182768467546703537516986049910576551282076245490090389328944075868508455133942304583236903222948165808559332123348274797826204144723168738177180919299881250404026184124858368.000000,0.000000,0.000000,0.000000
-3.700000,88.116152,0.897515,0.936131,2.860477,-8.691979
3.700000,88.116152,0.004864,0.854108,2.545411,5.203493
38.000000,88.116152,179769313486231570814527423731704356798070567525844996598917476803157260780028538760589558632766878171540458953514382464234321326889464182768467546703537516986049910576551282076245490090389328944075868508455133942304583236903222948165808559332123348274797826204144723168738177180919299881250404026184124858368.000000,0.000000,0.000000,0.000000
38.100000,88.116152,179769313486231570814527423731704356798070567525844996598917476803157260780028538760589558632766878171540458953514382464234321326889464182768467546703537516986049910576551282076245490090389328944075868508455133942304583236903222948165808559332123348274797826204144723168738177180919299881250404026184124858368.000000,0.000000,0.000000,0.000000
38.200000,88.116152,179769313486231570814527423731704356798070567525844996598917476803157260780028538760589558632766878171540458953514382464234321326889464182768467546703537516986049910576551282076245490090389328944075868508455133942304583236903222948165808559332123348274797826204144723168738177180919299881250404026184124858368.000000,0.000000,0.000000,0.000000
38.300000,88.116152,179769313486231570814527423731704356798070567525844996598917476803157260780028538760589558632766878171540458953514382464234321326889464182768467546703537516986049910576551282076245490090389328944075868508455133942304583236903222948165808559332123348274797826204144723168738177180919299881250404026184124858368.000000,0.000000,0.000000,0.000000
38.400000,88.116152,179769313486231570814527423731704356798070567525844996598917476803157260780028538760589558632766878171540458953514382464234321326889464182768467546703537516986049910576551282076245490090389328944075868508455133942304583236903222948165808559332123348274797826204144723168738177180919299881250404026184124858368.000000,0.000000,0.000000,0.000000
38.500000,88.116152,179769313486231570814527423731704356798070567525844996598917476803157260780028538760589558632766878171540458953514382464234321326889464182768467546703537516986049910576551282076245490090389328944075868508455133942304583236903222948165808559332123348274797826204144723168738177180919299881250404026184124858368.000000,0.000000,0.000000,0.000000
38.600000,88.116152,179769313486231570814527423731704356798070567525844996598917476803157260780028538760589558632766878171540458953514382464234321326889464182768467546703537516986049910576551282076245490090389328944075868508455133942304583236903222948165808559332123348274797826204144723168738177180919299881250404026184124858368.000000,0.000000,0.000000,0.000000
38.700000,88.116152,179769313486231570814527423731704356798070567525844996598917476803157260780028538760589558632766878171540458953514382464234321326889464182768467546703537516986049910576551282076245490090389328944075868508455133942304583236903222948165808559332123348274797826204144723168738177180919299881250404026184124858368.000000,0.000000,0.000000,0.000000
38.800000,88.116152,179769313486231570814527423731704356798070567525844996598917476803157260780028538760589558632766878171540458953514382464234321326889464182768467546703537516986049910576551282076245490090389328944075868508455133942304583236903222948165808559332123348274797826204144723168738177180919299881250404026184124858368.000000,0.000000,0.000000,0.000000
38.900000,88.116152,179769313486231570814527423731704356798070567525844996598917476803157260780028538760589558632766878171540458953514382464234321326889464182768467546703537516986049910576551282076245490090389328944075868508455133942304583236903222948165808559332123348274797826204144723168738177180919299881250404026184124858368.000000,0.000000,0.000000,0.000000
-3.800000,88.116152,0.923086,0.936131,2.860477,-8.877102
3.800000,88.116152,0.006905,0.854108,2.545411,5.388616
39.000000,88.116152,179769313486231570814527423731704356798070567525844996598917476803157260780028538760589558632766878171540458953514382464234321326889464182768467546703537516986049910576551282076245490090389328944075868508455133942304583236903222948165808559332123348274797826204144723168738177180919299881250404026184124858368.000000,0.000000,0.000000,0.000000
39.100000,88.116152,179769313486231570814527423731704356798070567525844996598917476803157260780028538760589558632766878171540458953514382464234321326889464182768467546703537516986049910576551282076245490090389328944075868508455133942304583236903222948165808559332123348274797826204144723168738177180919299881250404026184124858368.000000,0.000000,0.000000,0.000000
39.200000,88.116152,179769313486231570814527423731704356798070567525844996598917476803157260780028538760589558632766878171540458953514382464234321326889464182768467546703537516986049910576551282076245490090389328944075868508455133942304583236903222948165808559332123348274797826204144723168738177180919299881250404026184124858368.000000,0.000000,0.000000,0.000000
39.300000,88.116152,179769313486231570814527423731704356798070567525844996598917476803157260780028538760589558632766878171540458953514382464234321326889464182768467546703537516986049910576551282076245490090389328944075868508455133942304583236903222948165808559332123348274797826204144723168738177180919299881250404026184124858368.000000,0.000000,0.000000,0.000000
39.400000,88.116152,179769313486231570814527423731704356798070567525844996598917476803157260780028538760589558632766878171540458953514382464234321326889464182768467546703537516986049910576551282076245490090389328944075868508455133942304583236903222948165808559332123348274797826204144723168738177180919299881250404026184124858368.000000,0.000000,0.000000,0.000000
39.500000,88.116152,179769313486231570814527423731704356798070567525844996598917476803157260780028538760589558632766878171540458953514382464234321326889464182768467546703537516986049910576551282076245490090389328944075868508455133942304583236903222948165808559332123348274797826204144723168738177180919299881250404026184124858368.000000,0.000000,0.000000,0.000000
39.600000,88.116152,179769313486231570814527423731704356798070567525844996598917476803157260780028538760589558632766878171540458953514382464234321326889464182768467546703537516986049910576551282076245490090389328944075868508455133942304583236903222948165808559332123348274797826204144723168738177180919299881250404026184124858368.000000,0.000000,0.000000,0.000000
39.700000,88.116152,179769313486231570814527423731704356798070567525844996598917476803157260780028538760589558632766878171540458953514382464234321326889464182768467546703537516986049910576551282076245490090389328944075868508455133942304583236903222948165808559332123348274797826204144723168738177180919299881250404026184124858368.000000,0.000000,0.000000,0.000000
39.800000,88.116152,179769313486231570814527423731704356798070567525844996598917476803157260780028538760589558632766878171540458953514382464234321326889464182768467546703537516986049910576551282076245490090389328944075868508455133942304583236903222948165808559332123348274797826204144723168738177180919299881250404026184124858368.000000,0.000000,0.000000,0.000000
39.900000,88.116152,179769313486231570814527423731704356798070567525844996598917476803157260780028538760589558632766878171540458953514382464234321326889464182768467546703537516986049910576551282076245490090389328944075868508455133942304583236903222948165808559332123348274797826204144723168738177180919299881250404026184124858368.000000,0.000000,0.000000,0.000000
-3.900000,88.116152,0.948954,0.936131,2.860477,-9.062224
3.900000,88.116152,0.009299,0.854108,2.545411,5.573738
40.000000,88.116152,179769313486231570814527423731704356798070567525844996598917476803157260780028538760589558632766878171540458953514382464234321326889464182768467546703537516986049910576551282076245490090389328944075868508455133942304583236903222948165808559332123348274797826204144723168738177180919299881250404026184124858368.000000,0.000000,0.000000,0.000000
40.100000,88.116152,179769313486231570814527423731704356798070567525844996598917476803157260780028538760589558632766878171540458953514382464234321326889464182768467546703537516986049910576551282076245490090389328944075868508455133942304583236903222948165808559332123348274797826204144723168738177180919299881250404026184124858368.000000,0.000000,0.000000,0.000000
40.200000,88.116152,179769313486231570814527423731704356798070567525844996598917476803157260780028538760589558632766878171540458953514382464234321326889464182768467546703537516986049910576551282076245490090389328944075868508455133942304583236903222948165808559332123348274797826204144723168738177180919299881250404026184124858368.000000,0.000000,0.000000,0.000000
40.300000,88.116152,179769313486231570814527423731704356798070567525844996598917476803157260780028538760589558632766878171540458953514382464234321326889464182768467546703537516986049910576551282076245490090389328944075868508455133942304583236903222948165808559332123348274797826204144723168738177180919299881250404026184124858368.000000,0.000000,0.000000,0.000000
40.400000,88.116152,179769313486231570814527423731704356798070567525844996598917476803157260780028538760589558632766878171540458953514382464234321326889464182768467546703537516986049910576551282076245490090389328944075868508455133942304583236903222948165808559332123348274797826204144723168738177180919299881250404026184124858368.000000,0.000000,0.000000,0.000000
40.500000,88.116152,179769313486231570814527423731704356798070567525844996598917476803157260780028538760589558632766878171540458953514382464234321326889464182768467546703537516986049910576551282076245490090389328944075868508455133942304583236903222948165808559332123348274797826204144723168738177180919299881250404026184124858368.000000,0.000000,0.000000,0.000000
40.600000,88.116152,179769313486231570814527423731704356798070567525844996598917476803157260780028538760589558632766878171540458953514382464234321326889464182768467546703537516986049910576551282076245490090389328944075868508455133942304583236903222948165808559332123348274797826204144723168738177180919299881250404026184124858368.000000,0.000000,0.000000,0.000000
40.700000,88.116152,179769313486231570814527423731704356798070567525844996598917476803157260780028538760589558632766878171540458953514382464234321326889464182768467546703537516986049910576551282076245490090389328944075868508455133942304583236903222948165808559332123348274797826204144723168738177180919299881250404026184124858368.000000,0.000000,0.000000,0.000000
40.800000,88.116152,179769313486231570814527423731704356798070567525844996598917476803157260780028538760589558632766878171540458953514382464234321326889464182768467546703537516986049910576551282076245490090389328944075868508455133942304583236903222948165808559332123348274797826204144723168738177180919299881250404026184124858368.000000,0.000000,0.000000,0.000000
40.900000,88.116152,179769313486231570814527423731704356798070567525844996598917476803157260780028538760589558632766878171540458953514382464234321326889464182768467546703537516986049910576551282076245490090389328944075868508455133942304583236903222948165808559332123348274797826204144723168738177180919299881250404026184124858368.000000,0.000000,0.000000,0.000000
-4.000000,88.116152,0.975114,0.936131,2.860477,-9.247347
4.000000,88.116152,0.012045,0.854108,2.545411,5.758861
41.000000,88.116152,179769313486231570814527423731704356798070567525844996598917476803157260780028538760589558632766878171540458953514382464234321326889464182768467546703537516986049910576551282076245490090389328944075868508455133942304583236903222948165808559332123348274797826204144723168738177180919299881250404026184124858368.000000,0.000000,0.000000,0.000000
41.100000,88.116152,179769313486231570814527423731704356798070567525844996598917476803157260780028538760589558632766878171540458953514382464234321326889464182768467546703537516986049910576551282076245490090389328944075868508455133942304583236903222948165808559332123348274797826204144723168738177180919299881250404026184124858368.000000,0.000000,0.000000,0.000000
41.200000,88.116152,179769313486231570814527423731704356798070567525844996598917476803157260780028538760589558632766878171540458953514382464234321326889464182768467546703537516986049910576551282076245490090389328944075868508455133942304583236903222948165808559332123348274797826204144723168738177180919299881250404026184124858368.000000,0.000000,0.000000,0.000000
41.300000,88.116152,179769313486231570814527423731704356798070567525844996598917476803157260780028538760589558632766878171540458953514382464234321326889464182768467546703537516986049910576551282076245490090389328944075868508455133942304583236903222948165808559332123348274797826204144723168738177180919299881250404026184124858368.000000,0.000000,0.000000,0.000000
41.400000,88.116152,179769313486231570814527423731704356798070567525844996598917476803157260780028538760589558632766878171540458953514382464234321326889464182768467546703537516986049910576551282076245490090389328944075868508455133942304583236903222948165808559332123348274797826204144723168738177180919299881250404026184124858368.000000,0.000000,0.000000,0.000000
41.500000,88.116152,179769313486231570814527423731704356798070567525844996598917476803157260780028538760589558632766878171540458953514382464234321326889464182768467546703537516986049910576551282076245490090389328944075868508455133942304583236903222948165808559332123348274797826204144723168738177180919299881250404026184124858368.000000,0.000000,0.000000,0.000000
41.600000,88.116152,179769313486231570814527423731704356798070567525844996598917476803157260780028538760589558632766878171540458953514382464234321326889464182768467546703537516986049910576551282076245490090389328944075868508455133942304583236903222948165808559332123348274797826204144723168738177180919299881250404026184124858368.000000,0.000000,0.000000,0.000000
41.700000,88.116152,179769313486231570814527423731704356798070567525844996598917476803157260780028538760589558632766878171540458953514382464234321326889464182768467546703537516986049910576551282076245490090389328944075868508455133942304583236903222948165808559332123348274797826204144723168738177180919299881250404026184124858368.000000,0.000000,0.000000,0.000000
41.800000,88.116152,179769313486231570814527423731704356798070567525844996598917476803157260780028538760589558632766878171540458953514382464234321326889464182768467546703537516986049910576551282076245490090389328944075868508455133942304583236903222948165808559332123348274797826204144723168738177180919299881250404026184124858368.000000,0.000000,0.000000,0.000000
41.900000,88.116152,179769313486231570814527423731704356798070567525844996598917476803157260780028538760589558632766878171540458953514382464234321326889464182768467546703537516986049910576551282076245490090389328944075868508455133942304583236903222948165808559332123348274797826204144723168738177180919299881250404026184124858368.000000,0.000000,0.000000,0.000000
-4.100000,88.116152,1.001563,0.936131,2.860477,-9.432470
4.100000,88.116152,0.015138,0.854108,2.545411,5.943983
42.000000,88.116152,179769313486231570814527423731704356798070567525844996598917476803157260780028538760589558632766878171540458953514382464234321326889464182768467546703537516986049910576551282076245490090389328944075868508455133942304583236903222948165808559332123348274797826204144723168738177180919299881250404026184124858368.000000,0.000000,0.000000,0.000000
42.100000,88.116152,179769313486231570814527423731704356798070567525844996598917476803157260780028538760589558632766878171540458953514382464234321326889464182768467546703537516986049910576551282076245490090389328944075868508455133942304583236903222948165808559332123348274797826204144723168738177180919299881250404026184124858368.000000,0.000000,0.000000,0.000000
42.200000,88.116152,179769313486231570814527423731704356798070567525844996598917476803157260780028538760589558632766878171540458953514382464234321326889464182768467546703537516986049910576551282076245490090389328944075868508455133942304583236903222948165808559332123348274797826204144723168738177180919299881250404026184124858368.000000,0.000000,0.000000,0.000000
42.300000,88.116152,179769313486231570814527423731704356798070567525844996598917476803157260780028538760589558632766878171540458953514382464234321326889464182768467546703537516986049910576551282076245490090389328944075868508455133942304583236903222948165808559332123348274797826204144723168738177180919299881250404026184124858368.000000,0.000000,0.000000,0.000000
42.400000,88.116152,179769313486231570814527423731704356798070567525844996598917476803157260780028538760589558632766878171540458953514382464234321326889464182768467546703537516986049910576551282076245490090389328944075868508455133942304583236903222948165808559332123348274797826204144723168738177180919299881250404026184124858368.000000,0.000000,0.000000,0.000000
42.500000,88.116152,179769313486231570814527423731704356798070567525844996598917476803157260780028538760589558632766878171540458953514382464234321326889464182768467546703537516986049910576551282076245490090389328944075868508455133942304583236903222948165808559332123348274797826204144723168738177180919299881250404026184124858368.000000,0.000000,0.000000,0.000000
42.600000,88.116152,179769313486231570814527423731704356798070567525844996598917476803157260780028538760589558632766878171540458953514382464234321326889464182768467546703537516986049910576551282076245490090389328944075868508455133942304583236903222948165808559332123348274797826204144723168738177180919299881250404026184124858368.000000,0.000000,0.000000,0.000000
42.700000,88.116152,179769313486231570814527423731704356798070567525844996598917476803157260780028538760589558632766878171540458953514382464234321326889464182768467546703537516986049910576551282076245490090389328944075868508455133942304583236903222948165808559332123348274797826204144723168738177180919299881250404026184124858368.000000,0.000000,0.000000,0.000000
42.800000,88.116152,179769313486231570814527423731704356798070567525844996598917476803157260780028538760589558632766878171540458953514382464234321326889464182768467546703537516986049910576551282076245490090389328944075868508455133942304583236903222948165808559332123348274797826204144723168738177180919299881250404026184124858368.000000,0.000000,0.000000,0.000000
42.900000,88.116152,179769313486231570814527423731704356798070567525844996598917476803157260780028538760589558632766878171540458953514382464234321326889464182768467546703537516986049910576551282076245490090389328944075868508455133942304583236903222948165808559332123348274797826204144723168738177180919299881250404026184124858368.000000,0.000000,0.000000,0.000000
-4.200000,88.116152,1.028297,0.936131,2.860477,-9.617592
4.200000,88.116152,0.018574,0.854108,2.545411,6.129106
43.000000,88.116152,179769313486231570814527423731704356798070567525844996598917476803157260780028538760589558632766878171540458953514382464234321326889464182768467546703537516986049910576551282076245490090389328944075868508455133942304583236903222948165808559332123348274797826204144723168738177180919299881250404026184124858368.000000,0.000000,0.000000,0.000000
43.100000,88.116152,179769313486231570814527423731704356798070567525844996598917476803157260780028538760589558632766878171540458953514382464234321326889464182768467546703537516986049910576551282076245490090389328944075868508455133942304583236903222948165808559332123348274797826204144723168738177180919299881250404026184124858368.000000,0.000000,0.000000,0.000000
43.200000,88.116152,179769313486231570814527423731704356798070567525844996598917476803157260780028538760589558632766878171540458953514382464234321326889464182768467546703537516986049910576551282076245490090389328944075868508455133942304583236903222948165808559332123348274797826204144723168738177180919299881250404026184124858368.000000,0.000000,0.000000,0.000000
43.300000,88.116152,179769313486231570814527423731704356798070567525844996598917476803157260780028538760589558632766878171540458953514382464234321326889464182768467546703537516986049910576551282076245490090389328944075868508455133942304583236903222948165808559332123348274797826204144723168738177180919299881250404026184124858368.000000,0.000000,0.000000,0.000000
43.400000,88.116152,179769313486231570814527423731704356798070567525844996598917476803157260780028538760589558632766878171540458953514382464234321326889464182768467546703537516986049910576551282076245490090389328944075868508455133942304583236903222948165808559332123348274797826204144723168738177180919299881250404026184124858368.000000,0.000000,0.000000,0.000000
43.500000,88.116152,179769313486231570814527423731704356798070567525844996598917476803157260780028538760589558632766878171540458953514382464234321326889464182768467546703537516986049910576551282076245490090389328944075868508455133942304583236903222948165808559332123348274797826204144723168738177180919299881250404026184124858368.000000,0.000000,0.000000,0.000000
43.600000,88.116152,179769313486231570814527423731704356798070567525844996598917476803157260780028538760589558632766878171540458953514382464234321326889464182768467546703537516986049910576551282076245490090389328944075868508455133942304583236903222948165808559332123348274797826204144723168738177180919299881250404026184124858368.000000,0.000000,0.000000,0.000000
43.700000,88.116152,179769313486231570814527423731704356798070567525844996598917476803157260780028538760589558632766878171540458953514382464234321326889464182768467546703537516986049910576551282076245490090389328944075868508455133942304583236903222948165808559332123348274797826204144723168738177180919299881250404026184124858368.000000,0.000000,0.000000,0.000000
43.800000,88.116152,179769313486231570814527423731704356798070567525844996598917476803157260780028538760589558632766878171540458953514382464234321326889464182768467546703537516986049910576551282076245490090389328944075868508455133942304583236903222948165808559332123348274797826204144723168738177180919299881250404026184124858368.000000,0.000000,0.000000,0.000000
43.900000,88.116152,179769313486231570814527423731704356798070567525844996598917476803157260780028538760589558632766878171540458953514382464234321326889464182768467546703537516986049910576551282076245490090389328944075868508455133942304583236903222948165808559332123348274797826204144723168738177180919299881250404026184124858368.000000,0.000000,0.000000,0.000000
-4.300000,88.116152,1.056599,1.018154,3.018010,-9.913618
4.300000,88.116152,0.021826,0.854108,2.387878,6.399730
44.000000,88.116152,179769313486231570814527423731704356798070567525844996598917476803157260780028538760589558632766878171540458953514382464234321326889464182768467546703537516986049910576551282076245490090389328944075868508455133942304583236903222948165808559332123348274797826204144723168738177180919299881250404026184124858368.000000,0.000000,0.000000,0.000000
44.100000,88.116152,179769313486231570814527423731704356798070567525844996598917476803157260780028538760589558632766878171540458953514382464234321326889464182768467546703537516986049910576551282076245490090389328944075868508455133942304583236903222948165808559332123348274797826204144723168738177180919299881250404026184124858368.000000,0.000000,0.000000,0.000000
44.200000,88.116152,179769313486231570814527423731704356798070567525844996598917476803157260780028538760589558632766878171540458953514382464234321326889464182768467546703537516986049910576551282076245490090389328944075868508455133942304583236903222948165808559332123348274797826204144723168738177180919299881250404026184124858368.000000,0.000000,0.000000,0.000000
44.300000,88.116152,179769313486231570814527423731704356798070567525844996598917476803157260780028538760589558632766878171540458953514382464234321326889464182768467546703537516986049910576551282076245490090389328944075868508455133942304583236903222948165808559332123348274797826204144723168738177180919299881250404026184124858368.000000,0.000000,0.000000,0.000000
44.400000,88.116152,179769313486231570814527423731704356798070567525844996598917476803157260780028538760589558632766878171540458953514382464234321326889464182768467546703537516986049910576551282076245490090389328944075868508455133942304583236903222948165808559332123348274797826204144723168738177180919299881250404026184124858368.000000,0.000000,0.000000,0.000000
44.500000,88.116152,179769313486231570814527423731704356798070567525844996598917476803157260780028538760589558632766878171540458953514382464234321326889464182768467546703537516986049910576551282076245490090389328944075868508455133942304583236903222948165808559332123348274797826204144723168738177180919299881250404026184124858368.000000,0.000000,0.000000,0.000000
44.600000,88.116152,179769313486231570814527423731704356798070567525844996598917476803157260780028538760589558632766878171540458953514382464234321326889464182768467546703537516986049910576551282076245490090389328944075868508455133942304583236903222948165808559332123348274797826204144723168738177180919299881250404026184124858368.000000,0.000000,0.000000,0.000000
44.700000,88.116152,179769313486231570814527423731704356798070567525844996598917476803157260780028538760589558632766878171540458953514382464234321326889464182768467546703537516986049910576551282076245490090389328944075868508455133942304583236903222948165808559332123348274797826204144723168738177180919299881250404026184124858368.000000,0.000000,0.000000,0.000000
44.800000,88.116152,179769313486231570814527423731704356798070567525844996598917476803157260780028538760589558632766878171540458953514382464234321326889464182768467546703537516986049910576551282076245490090389328944075868508455133942304583236903222948165808559332123348274797826204144723168738177180919299881250404026184124858368.000000,0.000000,0.000000,0.000000
44.900000,88.116152,179769313486231570814527423731704356798070567525844996598917476803157260780028538760589558632766878171540458953514382464234321326889464182768467546703537516986049910576551282076245490090389328944075868508455133942304583236903222948165808559332123348274797826204144723168738177180919299881250404026184124858368.000000,0.000000,0.000000,0.000000
-4.400000,88.116152,1.083792,1.018154,3.018010,-10.098741
4.400000,88.116152,0.026625,0.936131,2.545411,6.473949
45.000000,88.116152,179769313486231570814527423731704356798070567525844996598917476803157260780028538760589558632766878171540458953514382464234321326889464182768467546703537516986049910576551282076245490090389328944075868508455133942304583236903222948165808559332123348274797826204144723168738177180919299881250404026184124858368.000000,0.000000,0.000000,0.000000
-4.500000,88.116152,1.110870,0.936131,2.860477,-10.172960
4.500000,88.116152,0.029341,0.854108,2.545411,6.684473
-4.600000,88.116152,1.138725,0.936131,2.860477,-10.358082
4.600000,88.116152,0.034397,0.854108,2.387878,6.955097
-4.700000,88.116152,1.166980,1.018154,3.018010,-10.654108
4.700000,88.116152,0.039262,0.854108,2.545411,7.054718
-4.800000,88.116152,1.195144,1.018154,2.860477,-10.753729
4.800000,88.116152,0.044491,0.854108,2.545411,7.239841
-4.900000,88.116152,1.223720,0.936131,3.018010,-10.998951
4.900000,88.116152,0.050028,0.854108,2.545411,7.424963
-5.000000,88.116152,1.252492,1.018154,3.018010,-11.209476
5.000000,88.116152,0.055867,0.854108,2.545411,7.610086
-5.100000,88.116152,1.281493,1.018154,3.018010,-11.394598
5.100000,88.116152,0.062012,0.854108,2.545411,7.795208
-5.200000,88.116152,1.309746,1.018154,3.018010,-11.579721
5.200000,88.116152,0.067832,0.854108,2.387878,8.065833
-5.300000,88.116152,1.340216,1.018154,3.018010,-11.764843
5.300000,88.116152,0.075079,0.936131,2.387878,8.225553
-5.400000,88.116152,1.368934,1.018154,3.018010,-11.949966
5.400000,88.116152,0.081132,0.854108,2.545411,8.350576
-5.500000,88.116152,1.397971,1.018154,3.018010,-12.135088
5.500000,88.116152,0.088355,0.854108,2.545411,8.535699
-5.600000,88.116152,1.428969,1.018154,3.018010,-12.320211
5.600000,88.116152,0.095858,0.854108,2.545411,8.720821
-5.700000,88.116152,1.459318,1.018154,3.018010,-12.505333
5.700000,88.116152,0.103639,0.854108,2.545411,8.905944
-5.800000,88.116152,1.489881,1.018154,3.018010,-12.690456
5.800000,88.116152,0.111694,0.854108,2.545411,9.091066
-5.900000,88.116152,1.520655,1.018154,3.018010,-12.875578
5.900000,88.116152,0.120002,0.854108,2.387878,9.361690
-6.000000,88.116152,1.551636,1.018154,3.018010,-13.060701
6.000000,88.116152,0.128548,0.854108,2.387878,9.546813
-6.100000,88.116152,1.582819,1.018154,3.018010,-13.245824
6.100000,88.116152,0.137357,0.854108,2.387878,9.731935
-6.200000,88.116152,1.614189,1.018154,3.175543,-13.516448
6.200000,88.116152,0.146588,0.854108,2.545411,9.831556
-6.300000,88.116152,1.645656,1.018154,3.175543,-13.701570
6.300000,88.116152,0.155752,0.854108,2.387878,10.102181
-6.400000,88.116152,1.677313,1.018154,3.175543,-13.886693
6.400000,88.116152,0.165331,0.854108,2.387878,10.287303
-6.500000,88.116152,1.709155,1.018154,3.175543,-14.071815
6.500000,88.116152,0.175159,0.854108,2.387878,10.472426
-6.600000,88.116152,1.741179,1.018154,3.175543,-14.256938
6.600000,88.116152,0.185233,0.854108,2.387878,10.657548
-6.700000,88.116152,1.773382,1.018154,3.175543,-14.442060
6.700000,88.116152,0.195549,0.854108,2.387878,10.842671
-6.800000,88.116152,1.805759,1.018154,3.175543,-14.627183
6.800000,88.116152,0.206106,0.854108,2.387878,11.027793
-6.900000,88.116152,1.838307,1.018154,3.175543,-14.812305
6.900000,88.116152,0.216899,0.854108,2.387878,11.212916
-7.000000,88.116152,1.871023,1.018154,3.175543,-14.997428
7.000000,88.116152,0.227925,0.854108,2.387878,11.398038
-7.100000,88.116152,1.903902,1.018154,3.175543,-15.182551
7.100000,88.116152,0.239181,0.854108,2.387878,11.583161
-7.200000,88.116152,1.936942,1.018154,3.175543,-15.367673
7.200000,88.116152,0.250662,0.854108,2.387878,11.768283
-7.300000,88.116152,1.970120,1.018154,3.333076,-15.638297
7.300000,88.116152,0.262368,0.854108,2.387878,11.953406
-7.400000,88.116152,2.003645,1.018154,3.333076,-15.823420
7.400000,88.116152,0.274292,0.854108,2.387878,12.138528
-7.500000,88.116152,2.037034,1.018154,3.333076,-16.008542
7.500000,88.116152,0.286434,0.854108,2.387878,12.323651
-7.600000,88.116152,2.070570,1.018154,3.333076,-16.193665
7.600000,88.116152,0.298763,0.772085,2.387878,12.534175
-7.700000,88.116152,2.104486,1.100177,3.333076,-16.404189
7.700000,88.116152,0.311300,0.772085,2.387878,12.719298
-7.800000,88.116152,2.138250,1.100177,3.333076,-16.589312
7.800000,88.116152,0.324044,0.772085,2.387878,12.904420
-7.900000,88.116152,2.172152,1.100177,3.333076,-16.774434
7.900000,88.116152,0.336991,0.772085,2.387878,13.089543
-8.000000,88.116152,2.206115,1.018154,3.333076,-16.934155
8.000000,88.116152,0.350140,0.772085,2.387878,13.274665
-8.100000,88.116152,2.240698,1.100177,3.490609,-17.230181
8.100000,88.116152,0.363486,0.772085,2.387878,13.459788
-8.200000,88.116152,2.274858,1.100177,3.490609,-17.415303
8.200000,88.116152,0.376997,0.772085,2.230345,13.730412
-8.300000,88.116152,2.309141,1.100177,3.490609,-17.600426
8.300000,88.116152,0.390662,0.772085,2.230345,13.915535
-8.400000,88.116152,2.343546,1.100177,3.490609,-17.785548
8.400000,88.116152,0.404515,0.772085,2.230345,14.100657
-8.500000,88.116152,2.378069,1.100177,3.490609,-17.970671
8.500000,88.116152,0.418553,0.772085,2.230345,14.285780
-8.600000,88.116152,2.412708,1.100177,3.490609,-18.155794
8.600000,88.116152,0.432773,0.772085,2.230345,14.470902
-8.700000,88.116152,2.447461,1.100177,3.490609,-18.340916
8.700000,88.116152,0.447173,0.772085,2.230345,14.656025
-8.800000,88.116152,2.482325,1.100177,3.490609,-18.526039
8.800000,88.116152,0.461748,0.772085,2.230345,14.841147
-8.900000,88.116152,2.517297,1.100177,3.490609,-18.711161
8.900000,88.116152,0.476497,0.772085,2.230345,15.026270
-9.000000,88.116152,2.552764,1.100177,3.648142,-18.981785
9.000000,88.116152,0.491417,0.772085,2.230345,15.211392
-9.100000,88.116152,2.587808,1.100177,3.648142,-19.166908
9.100000,88.116152,0.507164,0.772085,2.387878,15.311013
-9.200000,88.116152,2.622952,1.100177,3.648142,-19.352030
9.200000,88.116152,0.522622,0.772085,2.230345,15.581637
-9.300000,88.116152,2.658195,1.100177,3.648142,-19.537153
9.300000,88.116152,0.538066,0.772085,2.230345,15.766760
-9.400000,88.116152,2.693534,1.100177,3.648142,-19.722275
9.400000,88.116152,0.553671,0.772085,2.230345,15.951882
-9.500000,88.116152,2.728968,1.100177,3.648142,-19.907398
9.500000,88.116152,0.569434,0.772085,2.230345,16.137005
-9.600000,88.116152,2.764494,1.100177,3.648142,-20.092521
9.600000,88.116152,0.585041,0.690062,2.230345,16.347529
-9.700000,88.116152,2.800110,1.100177,3.648142,-20.277643
9.700000,88.116152,0.600405,0.772085,2.230345,16.507250
-9.800000,88.116152,2.835814,1.100177,3.648142,-20.462766
9.800000,88.116152,0.616528,0.772085,2.072812,16.777874
-9.900000,88.116152,2.871605,1.100177,3.648142,-20.647888
9.900000,88.116152,0.632784,0.772085,2.072812,16.962997
